Id,Burg,Province,Province Full Name,State,State Full Name,Culture,Religion,Population,X,Y,Latitude,Longitude,Elevation (ft),Temperature,Temperature likeness,Capital,Port,Citadel,Walls,Plaza,Temple,Shanty Town,Emblem,City Generator Link
1,Nandor,Meethetheas,Meethetheas Earldom,Myth,Myth Empire,Yerionde (Elven),The Celestial Ascension,3930,3713.9,1042.1,-1.59,146.42,161,93°F,Mecca (Saudi Arabia),,,,,plaza,,,{t1:argent;charges:[{charge:goutte;t:gules;p:ABCDEFGHIJKL;size:0.18}];shield:erebor},https://watabou.github.io/city-generator/?name=Nandor&population=3930&size=22&seed=1482077860001&river=1&coast=0&farms=0&citadel=0&urban_castle=0&hub=false&plaza=1&temple=0&walls=0&shantytown=0&gates=-1
2,Sshaumadise,Mithlin,Mithlin Land,Myth,Myth Empire,Yerionde (Elven),The Celestial Ascension,4721,4007.05,830.18,17.03,172.18,210,90°F,Mecca (Saudi Arabia),,port,citadel,,plaza,,,{t1:sable;division:{division:perFess;t:or;line:straight};charges:[{charge:plaice;t:argent;p:k;t2:argent;size:0.7};{charge:grapeBunch;t:gules;p:n;size:0.7}];shield:erebor},https://watabou.github.io/city-generator/?name=Sshaumadise&population=4721&size=23&seed=1482077860002&river=1&coast=1&farms=0&citadel=1&urban_castle=1&hub=false&plaza=1&temple=0&walls=0&shantytown=0&gates=-1&sea=1.31
3,Khola,Khola,Khola County,Zarag,Kingdom of Zarag,Narakzir (Dwarven),The Celestial Ascension,57650,2497.71,918.5,9.27,39.53,643,90°F,Mecca (Saudi Arabia),capital,,citadel,walls,plaza,temple,shanty town,{t1:gules;division:{division:perSaltire;t:argent};ordinaries:[{ordinary:pall;t:or;divided:counter}];shield:ironHills},https://watabou.github.io/city-generator/?name=Khola&population=57650&size=60&seed=1482077860003&river=1&coast=0&farms=1&citadel=1&urban_castle=0&hub=false&plaza=1&temple=1&walls=1&shantytown=1&gates=-1
4,Irerius,Sheoma,Sheoma County,Aymna,Aymnan Empire,Yerionde (Elven),The Celestial Ascension,2719,3725.34,1147.03,-10.81,147.42,328,90°F,Mecca (Saudi Arabia),,,,,,,,{t1:gules;ordinaries:[{ordinary:crossParted;t:argent;line:straight}];charges:[{charge:column;t:vert;p:e;size:1.5}];shield:erebor},https://watabou.github.io/city-generator/?name=Irerius&population=2719&size=19&seed=1482077860004&river=1&coast=0&farms=1&citadel=0&urban_castle=0&hub=false&plaza=0&temple=0&walls=0&shantytown=0&gates=-1
5,Snowbayard,Snowbayard,Snowbayard Earldom,Fay,Principality of Fay,Hidians (Halfling),The Celestial Ascension,25955,860.58,640.04,33.75,-104.36,118,64°F,Barcelona (Spain),capital,port,,walls,plaza,,shanty town,{t1:vert;ordinaries:[{ordinary:fessCotissed;t:argent;line:straight}];charges:[{charge:roundel2;t:vert;p:def;size:0.5}];shield:easterling},https://watabou.github.io/city-generator/?name=Snowbayard&population=25955&size=44&seed=1482077860005&river=1&coast=1&farms=1&citadel=0&urban_castle=0&hub=false&plaza=1&temple=0&walls=1&shantytown=1&gates=-1&sea=0.01
6,Meethe,Iumaren,Iumaren Earldom,Myth,Myth Empire,Yerionde (Elven),The Celestial Ascension,3007,3703.87,545.64,42.04,145.54,472,55°F,Milan (Italy),,,,,plaza,,,{t1:gules;charges:[{charge:helmet;t:argent;p:e;size:1.5}];shield:erebor},https://watabou.github.io/city-generator/?name=Meethe&population=3007&size=20&seed=1482077860006&river=1&coast=0&farms=1&citadel=0&urban_castle=0&hub=false&plaza=1&temple=0&walls=0&shantytown=0&gates=-1
7,Mithlin,Mithlin,Mithlin Land,Myth,Myth Empire,Yerionde (Elven),The Celestial Ascension,3487,3939.84,792.86,20.32,166.28,210,82°F,Bangkok (Thailand),,port,,,,,,{t1:semy_of_fleurDeLis-azure-argent;division:{division:perCross;t:or;line:straight};ordinaries:[{ordinary:bordure;t:gules}];shield:erebor},https://watabou.github.io/city-generator/?name=Mithlin&population=3487&size=21&seed=1482077860007&river=1&coast=1&farms=1&citadel=0&urban_castle=0&hub=false&plaza=0&temple=0&walls=0&shantytown=0&gates=-1&sea=0.96
8,Hlyranlulil,Hlyranlulil,Hlyranlulil Earldom,Myth,Myth Empire,Yerionde (Elven),The Celestial Ascension,10797,3744.23,837.18,16.42,149.08,643,88°F,Mecca (Saudi Arabia),,,,walls,plaza,,,{t1:chequy-azure-or;division:{division:perPale;t:argent;line:straight};charges:[{charge:escallop;t:gules;p:p;size:0.7};{charge:duck;t:gules;p:q;size:0.7}];shield:erebor},https://watabou.github.io/city-generator/?name=Hlyranlulil&population=10797&size=32&seed=1482077860008&river=1&coast=0&farms=1&citadel=0&urban_castle=0&hub=true&plaza=1&temple=0&walls=1&shantytown=0&gates=-1
9,Khazirbad,Baragzar,Baragzar County,Shathiz,Holy State of Shathiz,Narakzir (Dwarven),The Celestial Ascension,8874,2001.04,617.05,35.77,-4.13,210,64°F,Barcelona (Spain),,,,,plaza,,,{t1:pappellony2-sable-argent;ordinaries:[{ordinary:cross;t:or;line:straight}];charges:[{charge:boat;t:sable;p:e;t2:sable;size:0.5}];shield:ironHills},https://watabou.github.io/city-generator/?name=Khazirbad&population=8874&size=30&seed=1482077860009&river=1&coast=0&farms=1&citadel=0&urban_castle=0&hub=false&plaza=1&temple=0&walls=0&shantytown=0&gates=-1
10,Eshmelsyamar,Eshmelsyamar,Eshmelsyamar Landgrave,Myth,Myth Empire,Yerionde (Elven),The Celestial Ascension,26367,3594.5,825.9,17.41,135.92,52,90°F,Mecca (Saudi Arabia),,,,walls,plaza,temple,shanty town,{t1:or;charges:[{charge:mullet;t:azure;p:jln;size:0.7}];shield:erebor},https://watabou.github.io/city-generator/?name=Eshmelsyamar&population=26367&size=45&seed=1482077860010&river=1&coast=0&farms=1&citadel=0&urban_castle=0&hub=false&plaza=1&temple=1&walls=1&shantytown=1&gates=-1
11,Aleanneas,Sheoma,Sheoma County,Aymna,Aymnan Empire,Yerionde (Elven),The Celestial Ascension,7000,3746.15,1197.4,-15.24,149.25,328,88°F,Mecca (Saudi Arabia),,,citadel,,plaza,,,{t1:sable;ordinaries:[{ordinary:chevron;t:argent}];charges:[{charge:wolfStatant;t:vert;p:h;t2:vert;t3:vert;size:0.5}];shield:erebor},https://watabou.github.io/city-generator/?name=Aleanneas&population=7000&size=27&seed=1482077860011&river=1&coast=0&farms=1&citadel=1&urban_castle=0&hub=false&plaza=1&temple=0&walls=0&shantytown=0&gates=-1
12,Eshthilfa,Hlurtha,Hlurtha County,Aymna,Aymnan Empire,Yerionde (Elven),The Celestial Ascension,2042,3501.1,1406.52,-33.62,127.71,118,66°F,Marrakesh (Morocco),,,,,,,,{t1:argent;division:{division:perSaltire;t:purpure};charges:[{charge:annulet;t:gules;p:e;size:1.5}];shield:erebor},https://watabou.github.io/city-generator/?name=Eshthilfa&population=2042&size=17&seed=1482077860012&river=1&coast=0&farms=1&citadel=0&urban_castle=0&hub=false&plaza=0&temple=0&walls=0&shantytown=0&gates=-1
13,Ereachgulch,Travia,Travia County,Saltia,Duchy of Saltia,Hidians (Halfling),The Celestial Ascension,24523,783.91,712.77,27.35,-111.1,52,73°F,Rio de Janeiro (Brazil),capital,port,citadel,walls,plaza,temple,shanty town,{t1:purpure;charges:[{charge:crossTemplar;t:or;p:e;size:1.5}];shield:easterling},https://watabou.github.io/city-generator/?name=Ereachgulch&population=24523&size=43&seed=1482077860013&river=1&coast=1&farms=1&citadel=1&urban_castle=0&hub=false&plaza=1&temple=1&walls=1&shantytown=1&gates=-1&sea=1.42
14,Yttribus,Yttribus,Yttribus Barony,Ronia,Kingdom of Ronia,Yttribian (Human),The Celestial Ascension,24118,1196.2,352.26,59.04,-74.87,397,32°F,Murmansk (Russia),capital,,,walls,plaza,temple,,{t1:argent;charges:[{charge:lionSejant;t:vert;p:e;t2:vert;t3:azure;size:1.5}];shield:fantasy1},https://watabou.github.io/city-generator/?name=Yttribus&population=24118&size=43&seed=1482077860014&river=1&coast=0&farms=0&citadel=0&urban_castle=0&hub=false&plaza=1&temple=1&walls=1&shantytown=0&gates=-1
15,Fibeon,Bitalyia,Bitalyia Territory,Baram,Baraman Empire,Valinayau (Gnome),The Celestial Ascension,2524,3391.47,489.38,46.99,118.08,13,46°F,Prague (Czechia),,,,,,,,{t1:sable;division:{division:perBend;t:or;line:nowy};charges:[{charge:horseshoe;t:argent;p:l;size:0.7};{charge:pillar;t:purpure;p:m;size:0.7}];shield:baroque},https://watabou.github.io/city-generator/?name=Fibeon&population=2524&size=18&seed=1482077860015&river=1&coast=0&farms=1&citadel=0&urban_castle=0&hub=false&plaza=0&temple=0&walls=0&shantytown=0&gates=-1
16,Bizarbiln,Kibale,Kibale County,Zara,Kingdom of Zara,Narakzir (Dwarven),The Celestial Ascension,3236,2309.73,516.78,44.58,23,210,54°F,Paris (France),,,,,,,,{t1:chequy-azure-or;ordinaries:[{ordinary:pallReversed;t:argent}];shield:ironHills},https://watabou.github.io/city-generator/?name=Bizarbiln&population=3236&size=20&seed=1482077860016&river=1&coast=0&farms=1&citadel=0&urban_castle=0&hub=false&plaza=0&temple=0&walls=0&shantytown=0&gates=-1
17,Beit-Hamat,Beit-Hamat,Beit-Hamat Landgrave,Azeia,Azeian Marches,Valinayau (Gnome),The Celestial Ascension,24077,3209.64,667.46,31.34,102.1,1447,61°F,Dubrovnik (Croatia),capital,,,walls,plaza,temple,,{t1:gules;ordinaries:[{ordinary:quarter;t:or}];charges:[{charge:deerHeadCaboshed;t:or;p:e;t2:or;size:1.5}];shield:baroque},https://watabou.github.io/city-generator/?name=Beit-Hamat&population=24077&size=43&seed=1482077860017&river=0&coast=0&farms=1&citadel=0&urban_castle=0&hub=false&plaza=1&temple=1&walls=1&shantytown=0&gates=-1
18,Shatholed,Gatholuk,Gatholuk Earldom,Zarag,Kingdom of Zarag,Narakzir (Dwarven),The Celestial Ascension,13584,2509.12,1031.72,-0.68,40.53,30,93°F,Mecca (Saudi Arabia),,,,,plaza,,,{t1:argent;division:{division:perBend;t:purpure;line:straight};charges:[{charge:crossPatonce;t:azure;p:l;size:0.7};{charge:crossMaltese;t:or;p:m;size:0.7}];shield:ironHills},https://watabou.github.io/city-generator/?name=Shatholed&population=13584&size=35&seed=1482077860018&river=1&coast=0&farms=1&citadel=0&urban_castle=0&hub=false&plaza=1&temple=0&walls=0&shantytown=0&gates=-1
19,Wolfrontmo,Clifpas,Clifpas County,Mistia,Grand Duchy of Mistia,Yttribian (Human),The Celestial Ascension,11458,1573.23,569.76,39.92,-41.73,30,57°F,Washington (D.C.),,,,,plaza,,,{t1:gules;charges:[{charge:grapeBunch;t:argent;p:e;t2:argent;t3:argent;size:1.5}];shield:fantasy1},https://watabou.github.io/city-generator/?name=Wolfrontmo&population=11458&size=33&seed=1482077860019&river=1&coast=0&farms=1&citadel=0&urban_castle=0&hub=false&plaza=1&temple=0&walls=0&shantytown=0&gates=-1
20,Namunzdus,Khathar,Khathar County,Baram,Baraman Empire,Narakzir (Dwarven),The Celestial Ascension,4189,2901.5,604.4,36.88,75.01,2218,52°F,Antwerp (Belgium),,,,,plaza,,,{t1:azure;ordinaries:[{ordinary:bend;t:or;line:straight}];charges:[{charge:archer;t:gules;p:joe;t2:or;t3:gules;size:0.5}];shield:ironHills},https://watabou.github.io/city-generator/?name=Namunzdus&population=4189&size=22&seed=1482077860020&river=0&coast=0&farms=1&citadel=0&urban_castle=0&hub=false&plaza=1&temple=0&walls=0&shantytown=0&gates=-1
21,Lightdavere,Griredade,Griredade County,Roria,Grand Duchy of Roria,Yttribian (Human),The Celestial Ascension,2370,1101.45,663.06,31.72,-83.19,328,64°F,Barcelona (Spain),,port,,,,,,{t1:sable;charges:[{charge:chalice;t:argent;p:e;t2:argent;size:1.5}];shield:fantasy1},https://watabou.github.io/city-generator/?name=Lightdavere&population=2370&size=18&seed=1482077860021&river=0&coast=1&farms=1&citadel=0&urban_castle=0&hub=false&plaza=0&temple=0&walls=0&shantytown=0&gates=-1&sea=1.91
22,Nulbundum,Nulbundum,Nulbundum Barony,Zara,Kingdom of Zara,Narakzir (Dwarven),The Celestial Ascension,24711,2154.91,678.36,30.38,9.4,554,70°F,Tegucigalpa (Honduras),capital,,citadel,walls,plaza,temple,,{t1:argent;charges:[{charge:wolfHeadErased;t:azure;p:e;t2:azure;size:1.5}];shield:ironHills},https://watabou.github.io/city-generator/?name=Nulbundum&population=24711&size=44&seed=1482077860022&river=1&coast=0&farms=1&citadel=1&urban_castle=1&hub=false&plaza=1&temple=1&walls=1&shantytown=0&gates=-1
23,Ushur,Kharb,Kharb County,Zarag,Kingdom of Zarag,Narakzir (Dwarven),The Celestial Ascension,21505,2684.77,881.71,12.51,55.97,643,88°F,Mecca (Saudi Arabia),,,citadel,walls,plaza,,shanty town,{t1:argent;charges:[{charge:hatchet;t:azure;p:e;t2:azure;size:1.5}];shield:ironHills},https://watabou.github.io/city-generator/?name=Ushur&population=21505&size=41&seed=1482077860023&river=1&coast=0&farms=1&citadel=1&urban_castle=0&hub=false&plaza=1&temple=0&walls=1&shantytown=1&gates=-1
24,Hethluvendo,Kethrion,Kethrion Shire,Hin,Principality of Hin,Yerionde (Elven),The Celestial Ascension,1969,3687.4,1572.4,-48.2,144.09,328,39°F,Reykjavik (Iceland),,,,walls,,,,{t1:purpure;charges:[{charge:lionPassant;t:argent;p:abcpqh;t2:or;t3:argent;size:0.5}];shield:erebor},https://watabou.github.io/city-generator/?name=Hethluvendo&population=1969&size=17&seed=1482077860024&river=0&coast=0&farms=1&citadel=0&urban_castle=0&hub=false&plaza=0&temple=0&walls=1&shantytown=0&gates=-1
25,Khabar,Kilukhil,Kilukhil Earldom,Baram,Baraman Empire,Narakzir (Dwarven),The Celestial Ascension,9472,3160.59,425.73,52.58,97.79,738,37°F,Tromsø (Norway),,,,,plaza,,,{t1:argent;charges:[{charge:pear;t:gules;p:e;t2:gules;size:1.5}];shield:ironHills},https://watabou.github.io/city-generator/?name=Khabar&population=9472&size=30&seed=1482077860025&river=1&coast=0&farms=1&citadel=0&urban_castle=0&hub=false&plaza=1&temple=0&walls=0&shantytown=0&gates=-1
26,Heartfall,Flalehaven,Flalehaven County,Roria,Grand Duchy of Roria,Yttribian (Human),The Celestial Ascension,12315,1480.99,581.04,38.93,-49.83,328,55°F,Milan (Italy),,port,citadel,,plaza,,,{t1:argent;charges:[{charge:elephant;t:vert;p:e;t2:vert;size:1.5}];shield:fantasy1},https://watabou.github.io/city-generator/?name=Heartfall&population=12315&size=33&seed=1482077860026&river=0&coast=1&farms=1&citadel=1&urban_castle=1&hub=false&plaza=1&temple=0&walls=0&shantytown=0&gates=-1&sea=1.79
27,Kyathmenesi,Ialinlegul,Ialinlegul Earldom,Myth,Myth Empire,Yerionde (Elven),The Celestial Ascension,18206,3719.39,730.73,25.78,146.9,266,77°F,Miami (USA),,,citadel,walls,plaza,,,{t1:azure;ordinaries:[{ordinary:gyron;t:argent}];charges:[{charge:triangle;t:argent;p:bh;size:0.5}];shield:erebor},https://watabou.github.io/city-generator/?name=Kyathmenesi&population=18206&size=39&seed=1482077860027&river=0&coast=0&farms=1&citadel=1&urban_castle=0&hub=false&plaza=1&temple=0&walls=1&shantytown=0&gates=-1
28,Irnoseasa,Meethetheas,Meethetheas Earldom,Myth,Myth Empire,Yerionde (Elven),The Celestial Ascension,13666,3989.9,905.9,10.38,170.67,210,91°F,Mecca (Saudi Arabia),,,,walls,plaza,,,{t1:or;ordinaries:[{ordinary:pale;t:gules;line:straight}];charges:[{charge:tower;t:argent;p:beh;t2:argent;size:0.5}];shield:erebor},https://watabou.github.io/city-generator/?name=Irnoseasa&population=13666&size=35&seed=1482077860028&river=1&coast=0&farms=0&citadel=0&urban_castle=0&hub=false&plaza=1&temple=0&walls=1&shantytown=0&gates=-1
29,Glinshichi,Loshichia,Loshichia County,Chechia,Tsardom of Chechia,Seren (Wolfkin),The Celestial Ascension,18698,1560.09,1253.71,-20.19,-42.88,30,90°F,Mecca (Saudi Arabia),,,citadel,,plaza,,,{t1:gules;charges:[{charge:crescent;t:or;p:e;size:1.5}];shield:fantasy2},https://watabou.github.io/city-generator/?name=Glinshichi&population=18698&size=39&seed=1482077860029&river=1&coast=0&farms=1&citadel=1&urban_castle=0&hub=false&plaza=1&temple=0&walls=0&shantytown=0&gates=-1
30,Elsyaririat,Selhosana,Selhosana Territory,Aymna,Aymnan Empire,Yerionde (Elven),The Celestial Ascension,6131,3388.47,1446.38,-37.12,117.81,13,61°F,Dubrovnik (Croatia),,port,,walls,plaza,,,{t1:azure;ordinaries:[{ordinary:pale;t:or;line:dancetty}];charges:[{charge:billet;t:or;p:y;size:0.5}];shield:erebor},https://watabou.github.io/city-generator/?name=Elsyaririat&population=6131&size=26&seed=1482077860030&river=1&coast=1&farms=1&citadel=0&urban_castle=0&hub=false&plaza=1&temple=0&walls=1&shantytown=0&gates=-1&sea=0.14
31,Oslavl,New Drutshin,New Drutshin Colony,Chechia,Tsardom of Chechia,Seren (Wolfkin),The Celestial Ascension,9353,1365.97,1497.28,-41.6,-59.94,82,54°F,Paris (France),,port,,,plaza,,,{t1:azure;charges:[{charge:ouroboros;t:or;p:jln;size:0.7}];shield:fantasy2},https://watabou.github.io/city-generator/?name=Oslavl&population=9353&size=30&seed=1482077860031&river=0&coast=1&farms=1&citadel=0&urban_castle=0&hub=false&plaza=1&temple=0&walls=0&shantytown=0&gates=-1&sea=1.89
32,Kanda,Kanda,Kanda County,Namama,Namaman Shogunate,Kitabu (Foxkin),The Celestial Ascension,33304,2890.72,1543.32,-45.64,74.07,82,48°F,Copenhagen (Denmark),,port,,walls,plaza,,,{t1:or;ordinaries:[{ordinary:pale;t:vert;line:raguly}];charges:[{charge:shipWheel;t:or;p:beh;size:0.5}];shield:fantasy5},https://watabou.github.io/city-generator/?name=Kanda&population=33304&size=49&seed=1482077860032&river=1&coast=1&farms=1&citadel=0&urban_castle=0&hub=true&plaza=1&temple=0&walls=1&shantytown=0&gates=-1&sea=0.33
33,Iumaren,Iumaren,Iumaren Earldom,Myth,Myth Empire,Yerionde (Elven),The Celestial Ascension,15979,3601.8,473.4,48.39,136.56,13,46°F,Prague (Czechia),,,citadel,walls,plaza,,,{t1:potent-or-purpure;ordinaries:[{ordinary:chief;t:azure;line:straight}];charges:[{charge:mullet;t:or;p:b;size:0.5}];shield:erebor},https://watabou.github.io/city-generator/?name=Iumaren&population=15979&size=37&seed=1482077860033&river=0&coast=0&farms=1&citadel=1&urban_castle=0&hub=false&plaza=1&temple=0&walls=1&shantytown=0&gates=-1
34,Birararagz,Khathar,Khathar County,Baram,Baraman Empire,Narakzir (Dwarven),The Celestial Ascension,21697,2845.08,556.15,41.12,70.06,2392,48°F,Copenhagen (Denmark),,,citadel,walls,plaza,,,{t1:or;charges:[{charge:griffinRampant;t:purpure;p:e;t2:purpure;t3:purpure;size:1.5}];shield:ironHills},https://watabou.github.io/city-generator/?name=Birararagz&population=21697&size=42&seed=1482077860034&river=0&coast=0&farms=1&citadel=1&urban_castle=1&hub=false&plaza=1&temple=0&walls=1&shantytown=0&gates=-1
35,Ziraburarak,Bunarukth,Bunarukth County,Khiz,Principality of Khiz,Narakzir (Dwarven),The Celestial Ascension,18127,2093.92,595.95,37.62,4.04,11421,19°F,Yakutsk (Russia),capital,,citadel,walls,plaza,,,{t1:argent;division:{division:perFess;t:sable;line:straight};ordinaries:[{ordinary:fessCotissed;t:azure;line:straight;divided:counter}];shield:ironHills},https://watabou.github.io/city-generator/?name=Ziraburarak&population=18127&size=39&seed=1482077860035&river=0&coast=0&farms=1&citadel=1&urban_castle=0&hub=false&plaza=1&temple=0&walls=1&shantytown=0&gates=-1
36,Kholedzig,Binulb,Binulb Margrave,Umun,Kingdom of Umun,Narakzir (Dwarven),The Celestial Ascension,20203,2343.6,1102.62,-6.91,25.98,13,93°F,Mecca (Saudi Arabia),capital,port,citadel,walls,plaza,,,{t1:sable;charges:[{charge:plaice;t:argent;p:e;t2:argent;size:1.5}];shield:ironHills},https://watabou.github.io/city-generator/?name=Kholedzig&population=20203&size=40&seed=1482077860036&river=0&coast=1&farms=1&citadel=1&urban_castle=1&hub=false&plaza=1&temple=0&walls=1&shantytown=0&gates=-1&sea=0.08
37,Nulukkhil,Nulukkhil,Nulukkhil County,Khatho,Kingdom of Khatho,Narakzir (Dwarven),The Celestial Ascension,14389,2967.73,1124.32,-8.82,80.84,30,91°F,Mecca (Saudi Arabia),,port,,walls,plaza,,,{t1:or;division:{division:perFess;t:purpure;line:flechy};shield:ironHills},https://watabou.github.io/city-generator/?name=Nulukkhil&population=14389&size=36&seed=1482077860037&river=0&coast=1&farms=1&citadel=0&urban_castle=0&hub=true&plaza=1&temple=0&walls=1&shantytown=0&gates=-1&sea=1.84
38,Kiaputaalutaq,,,Neutrals,undefined,Qaluk (Ravenfolk),The Celestial Ascension,2594,969.04,1295.29,-23.84,-94.83,30,82°F,Bangkok (Thailand),,port,,,plaza,,,{t1:or;charges:[{charge:bugleHorn;t:azure;p:e;t2:azure;size:1.5}];shield:fantasy4},https://watabou.github.io/city-generator/?name=Kiaputaalutaq&population=2594&size=19&seed=1482077860038&river=1&coast=1&farms=1&citadel=0&urban_castle=0&hub=false&plaza=1&temple=0&walls=0&shantytown=0&gates=-1&sea=0.82
39,Perelyi,Minech,Minech County,Chechia,Tsardom of Chechia,Seren (Wolfkin),The Celestial Ascension,2633,1800.36,1409.79,-33.91,-21.77,52,61°F,Dubrovnik (Croatia),,port,citadel,,plaza,,,{t1:argent;charges:[{charge:chalice;t:gules;p:jln;t2:gules;size:0.7}];shield:fantasy2},https://watabou.github.io/city-generator/?name=Perelyi&population=2633&size=19&seed=1482077860039&river=0&coast=1&farms=1&citadel=1&urban_castle=0&hub=false&plaza=1&temple=0&walls=0&shantytown=0&gates=-1&sea=1.32
40,Erisesilaurt,Iumaren,Iumaren Earldom,Myth,Myth Empire,Yerionde (Elven),The Celestial Ascension,10857,3493.24,458.12,49.74,127.02,118,41°F,Harbin (China),,port,,walls,plaza,,,{t1:fretty-gules-argent-small;ordinaries:[{ordinary:bend;t:or;line:straight}];charges:[{charge:lozengePloye;t:or;p:cg;size:0.5}];shield:erebor},https://watabou.github.io/city-generator/?name=Erisesilaurt&population=10857&size=32&seed=1482077860040&river=1&coast=1&farms=1&citadel=0&urban_castle=0&hub=false&plaza=1&temple=0&walls=1&shantytown=0&gates=-1&sea=1.17
41,Bundabuz,Kizararag,Kizararag County,Baram,Baraman Empire,Narakzir (Dwarven),The Celestial Ascension,16753,2760.71,579.9,39.03,62.64,1890,50°F,London (England),,,citadel,walls,plaza,,,{t1:sable;division:{division:perCross;t:argent;line:straight};ordinaries:[{ordinary:fess;t:or;line:bevilled;divided:counter}];shield:ironHills},https://watabou.github.io/city-generator/?name=Bundabuz&population=16753&size=38&seed=1482077860041&river=1&coast=0&farms=1&citadel=1&urban_castle=0&hub=false&plaza=1&temple=0&walls=1&shantytown=0&gates=-1
42,Imrion,Ialinlegul,Ialinlegul Earldom,Myth,Myth Empire,Yerionde (Elven),The Celestial Ascension,11546,3814.7,638.1,33.92,155.28,738,63°F,Lisbon (Portugal),,,,,plaza,,,{t1:argent;charges:[{charge:drakkar;t:sable;p:jlh;t2:sable;t3:sable;size:0.7}];shield:erebor},https://watabou.github.io/city-generator/?name=Imrion&population=11546&size=33&seed=1482077860042&river=0&coast=0&farms=1&citadel=0&urban_castle=0&hub=false&plaza=1&temple=0&walls=0&shantytown=0&gates=-1
43,Tulundundin,Gundus,Gundus Seneschalty,Arad,Duchy of Arad,Narakzir (Dwarven),The Celestial Ascension,8871,2738.18,1126.71,-9.03,60.66,840,88°F,Mecca (Saudi Arabia),,port,,,plaza,,,{t1:purpure;ordinaries:[{ordinary:fess;t:or;line:straight}];charges:[{charge:escallop;t:vert;p:def;size:0.5}];shield:ironHills},https://watabou.github.io/city-generator/?name=Tulundundin&population=8871&size=30&seed=1482077860043&river=0&coast=1&farms=1&citadel=0&urban_castle=0&hub=true&plaza=1&temple=0&walls=0&shantytown=0&gates=-1&sea=1.78
44,Ryosa,Ryosa,Ryosa County,Kawa,Principality of Kawa,Kitabu (Foxkin),The Celestial Ascension,20208,3093.06,1355.74,-29.16,91.85,52,75°F,Dakar (Senegal),,port,citadel,walls,plaza,,shanty town,{t1:gules;division:{division:perPale;t:argent;line:invecked};charges:[{charge:crossFourchy;t:or;p:e;divided:counter;size:1.5}];shield:fantasy5},https://watabou.github.io/city-generator/?name=Ryosa&population=20208&size=40&seed=1482077860044&river=0&coast=1&farms=1&citadel=1&urban_castle=1&hub=false&plaza=1&temple=0&walls=1&shantytown=1&gates=-1&sea=0.88
45,Chohi,Ryosa,Ryosa County,Kawa,Principality of Kawa,Kitabu (Foxkin),The Celestial Ascension,19418,3221.47,1472.95,-39.46,103.14,52,59°F,Rome (Italy),,,,,plaza,,,{t1:argent;charges:[{charge:arbalest2;t:azure;p:e;size:1.5}];shield:fantasy5},https://watabou.github.io/city-generator/?name=Chohi&population=19418&size=40&seed=1482077860045&river=0&coast=0&farms=1&citadel=0&urban_castle=0&hub=false&plaza=1&temple=0&walls=0&shantytown=0&gates=-1
46,Qersuaq,,,Neutrals,undefined,Qaluk (Ravenfolk),The Celestial Ascension,2874,889.68,1496.44,-41.52,-101.81,82,54°F,Paris (France),,port,,,plaza,,,{t1:lozengy-argent-gules;charges:[{charge:anchor;t:purpure;p:e;size:1.5}];shield:fantasy4},https://watabou.github.io/city-generator/?name=Qersuaq&population=2874&size=19&seed=1482077860046&river=1&coast=1&farms=1&citadel=0&urban_castle=0&hub=false&plaza=1&temple=0&walls=0&shantytown=0&gates=-1&sea=0.11
47,Riba,Namima,Namima Territory,Kawa,Principality of Kawa,Kitabu (Foxkin),The Celestial Ascension,13445,2906.97,1585.97,-49.39,75.5,30,41°F,Harbin (China),,,,,plaza,,,{t1:argent;division:{division:perBend;t:sable;line:firTrees};charges:[{charge:crossClechy;t:purpure;p:l;size:0.7};{charge:portcullis;t:or;p:m;size:0.7}];shield:fantasy5},https://watabou.github.io/city-generator/?name=Riba&population=13445&size=35&seed=1482077860047&river=0&coast=0&farms=1&citadel=0&urban_castle=0&hub=false&plaza=1&temple=0&walls=0&shantytown=0&gates=-1
48,Naranthamar,Selhosana,Selhosana Territory,Aymna,Aymnan Empire,Yerionde (Elven),The Celestial Ascension,1679,3511.47,1566.28,-47.66,128.63,3793,28°F,Fairbanks (Alaska),,,,,plaza,,,{t1:or;charges:[{charge:inescutcheon;t:vert;p:e;size:1.5};{charge:fusil;t:or;p:e;size:0.75}];shield:erebor},https://watabou.github.io/village-generator/?pop=1679&name=&seed=1482077860048&width=1600&height=727&tags=dead+end%2Cno+orchards%2Cdense
49,Umaritys,Iumaren,Iumaren Earldom,Myth,Myth Empire,Yerionde (Elven),The Celestial Ascension,3835,3713.9,467.7,48.89,146.42,30,46°F,Prague (Czechia),,,,,plaza,,,{t1:gules;charges:[{charge:mullet;t:argent;p:jln;size:0.7}];shield:erebor},https://watabou.github.io/city-generator/?name=Umaritys&population=3835&size=22&seed=1482077860049&river=0&coast=0&farms=1&citadel=0&urban_castle=0&hub=false&plaza=1&temple=0&walls=0&shantytown=0&gates=-1
50,Baganeraba,Kibale,Kibale County,Zara,Kingdom of Zara,Memti (Giants),The Celestial Ascension,13899,2330.52,628.48,34.76,24.83,2953,54°F,Paris (France),,,,,plaza,,,{t1:pally-argent-purpure;division:{division:chevronny;t:vert};ordinaries:[{ordinary:pale;t:gules;line:straight}];shield:horsehead},https://watabou.github.io/city-generator/?name=Baganeraba&population=13899&size=35&seed=1482077860050&river=1&coast=0&farms=1&citadel=0&urban_castle=0&hub=false&plaza=1&temple=0&walls=0&shantytown=0&gates=-1
51,Gibilirane,Shuru,Shuru County,Zarag,Kingdom of Zarag,Memti (Giants),The Celestial Ascension,10301,2625.82,679.49,30.28,50.78,7248,43°F,Stockholm (Sweden),,,,,plaza,,,{t1:sable;division:{division:perFess;t:or;line:straight};charges:[{charge:windmill;t:argent;p:k;t2:argent;t3:argent;size:0.7};{charge:lizard;t:gules;p:n;size:0.7}];shield:horsehead},https://watabou.github.io/city-generator/?name=Gibilirane&population=10301&size=31&seed=1482077860051&river=0&coast=0&farms=1&citadel=0&urban_castle=0&hub=false&plaza=1&temple=0&walls=0&shantytown=0&gates=-1
52,Betbal,Betbal,Betbal Earldom,Azeia,Azeian Marches,Valinayau (Gnome),The Celestial Ascension,8528,3309.33,669.5,31.16,110.86,2759,64°F,Barcelona (Spain),,,,,plaza,,,{t1:azure;ordinaries:[{ordinary:chevron;t:or}];charges:[{charge:crossFormee2;t:azure;p:h;size:0.5}];shield:baroque},https://watabou.github.io/city-generator/?name=Betbal&population=8528&size=29&seed=1482077860052&river=0&coast=0&farms=1&citadel=0&urban_castle=0&hub=false&plaza=1&temple=0&walls=0&shantytown=0&gates=-1
53,Tumundunar,Nulbundum,Nulbundum Barony,Zara,Kingdom of Zara,Narakzir (Dwarven),The Celestial Ascension,2287,2048.78,699.65,28.51,0.07,1736,68°F,Alexandria (Egypt),,,,walls,plaza,,,{t1:gules;division:{division:perChevronReversed;t:argent;line:straight};charges:[{charge:pear;t:or;p:dfh;t2:or;divided:counter;size:0.5}];shield:ironHills},https://watabou.github.io/city-generator/?name=Tumundunar&population=2287&size=18&seed=1482077860053&river=0&coast=0&farms=1&citadel=0&urban_castle=0&hub=false&plaza=1&temple=0&walls=1&shantytown=0&gates=-1
54,Dranneas,Meethetheas,Meethetheas Earldom,Myth,Myth Empire,Yerionde (Elven),The Celestial Ascension,6109,3879.37,908.23,10.18,160.96,554,90°F,Mecca (Saudi Arabia),,,,,plaza,,,{t1:gules;charges:[{charge:boarHeadErased;t:or;p:e;t2:or;t3:or;size:1.5}];shield:erebor},https://watabou.github.io/city-generator/?name=Dranneas&population=6109&size=26&seed=1482077860054&river=1&coast=0&farms=1&citadel=0&urban_castle=0&hub=false&plaza=1&temple=0&walls=0&shantytown=0&gates=-1
55,Kyathsalume,Indorala,Indorala County,Aymna,Aymnan Empire,Yerionde (Elven),The Celestial Ascension,17594,3360.5,1225.3,-17.69,115.36,52,90°F,Mecca (Saudi Arabia),,,,walls,plaza,,,{t1:azure;charges:[{charge:crossClechy;t:or;p:jlh;size:0.7}];shield:erebor},https://watabou.github.io/city-generator/?name=Kyathsalume&population=17594&size=38&seed=1482077860055&river=1&coast=0&farms=1&citadel=0&urban_castle=0&hub=false&plaza=1&temple=0&walls=1&shantytown=0&gates=-1
56,Ovets,Ovets,Ovets Earldom,Ovetsia,Protectorate of Ovetsia,Seren (Wolfkin),The Celestial Ascension,21268,1380.68,1239.58,-18.95,-58.65,82,86°F,Khartoum (Sudan),capital,port,citadel,walls,plaza,temple,,{t1:sable;ordinaries:[{ordinary:label;t:argent}];charges:[{charge:anchor;t:or;p:e;size:1.5}];shield:fantasy2},https://watabou.github.io/city-generator/?name=Ovets&population=21268&size=41&seed=1482077860056&river=0&coast=1&farms=1&citadel=1&urban_castle=1&hub=false&plaza=1&temple=1&walls=1&shantytown=0&gates=-1&sea=1.09
57,Kolichi,Ovets,Ovets Earldom,Ovetsia,Protectorate of Ovetsia,Seren (Wolfkin),The Celestial Ascension,4303,1227.64,1298.92,-24.16,-72.1,161,82°F,Bangkok (Thailand),,,,,plaza,,,{t1:azure;charges:[{charge:armEmbowedVambraced;t:argent;p:e;size:1.5}];shield:fantasy2},https://watabou.github.io/city-generator/?name=Kolichi&population=4303&size=22&seed=1482077860057&river=1&coast=0&farms=1&citadel=0&urban_castle=0&hub=false&plaza=1&temple=0&walls=0&shantytown=0&gates=-1
58,Bukoml,Minech,Minech County,Chechia,Tsardom of Chechia,Seren (Wolfkin),The Celestial Ascension,2432,1712.6,1392.43,-32.38,-29.48,52,66°F,Marrakesh (Morocco),,port,citadel,,plaza,,,{t1:or;ordinaries:[{ordinary:saltireParted;t:azure;line:wavy}];charges:[{charge:anchor;t:or;p:e;size:0.7}];shield:fantasy2},https://watabou.github.io/city-generator/?name=Bukoml&population=2432&size=18&seed=1482077860058&river=0&coast=1&farms=1&citadel=1&urban_castle=1&hub=false&plaza=1&temple=0&walls=0&shantytown=0&gates=-1&sea=1
59,Gobu,Ryosa,Ryosa County,Kawa,Principality of Kawa,Kitabu (Foxkin),The Celestial Ascension,1613,3216.39,1395.54,-32.65,102.69,30,66°F,Marrakesh (Morocco),,,,walls,plaza,,,{t1:or;charges:[{charge:roundel2;t:gules;p:beh;size:0.5}];shield:fantasy5},https://watabou.github.io/city-generator/?name=Gobu&population=1613&size=16&seed=1482077860059&river=0&coast=0&farms=1&citadel=0&urban_castle=0&hub=false&plaza=1&temple=0&walls=1&shantytown=0&gates=-1
60,Mithlond,Kethrion,Kethrion Shire,Hin,Principality of Hin,Yerionde (Elven),The Celestial Ascension,2325,3618.5,1433.8,-36.02,138.03,840,57°F,Washington (D.C.),,,,,plaza,,,{t1:argent;charges:[{charge:mullet6;t:azure;p:abcdefgzi;size:0.3}];shield:erebor},https://watabou.github.io/city-generator/?name=Mithlond&population=2325&size=18&seed=1482077860060&river=0&coast=0&farms=0&citadel=0&urban_castle=0&hub=false&plaza=1&temple=0&walls=0&shantytown=0&gates=-1
61,Koshkovsk,New Drutshin,New Drutshin Colony,Chechia,Tsardom of Chechia,Seren (Wolfkin),The Celestial Ascension,1931,1339.62,1497.01,-41.57,-62.26,30,54°F,Paris (France),,,citadel,,plaza,,,{t1:or;charges:[{charge:fleurDeLis;t:azure;p:e;size:1.5}];shield:fantasy2},https://watabou.github.io/city-generator/?name=Koshkovsk&population=1931&size=17&seed=1482077860061&river=1&coast=0&farms=1&citadel=1&urban_castle=0&hub=false&plaza=1&temple=0&walls=0&shantytown=0&gates=-1
62,Torchivan,Drutshin,Drutshin County,Chechia,Tsardom of Chechia,Seren (Wolfkin),The Celestial Ascension,1936,1496.98,1487.51,-40.74,-48.43,82,54°F,Paris (France),,,,,,,,{t1:bendySinister-argent-gules;ordinaries:[{ordinary:pile;t:sable}];shield:fantasy2},https://watabou.github.io/village-generator/?pop=1936&name=&seed=1482077860062&width=1600&height=727&tags=estuary%2Chighway%2Cfarmland%2Cno+square%2Cdense
63,Zmurtus,Bitalyia,Bitalyia Territory,Baram,Baraman Empire,Valinayau (Gnome),The Celestial Ascension,1592,3269.82,429.83,52.22,107.39,738,39°F,Reykjavik (Iceland),,,,,plaza,,,{t1:potent-argent-azure;charges:[{charge:scissors2;t:sable;p:e;size:1.5}];shield:baroque},https://watabou.github.io/village-generator/?pop=1592&name=&seed=1482077860063&width=1600&height=727&tags=highway%2Cdense
64,Nargun,Buzur,Buzur County,Khiz,Principality of Khiz,Narakzir (Dwarven),The Celestial Ascension,1549,2092.2,476.02,48.16,3.88,1447,39°F,Reykjavik (Iceland),,,,,,,,{t1:azure;division:{division:perChevron;t:argent;line:escartely};charges:[{charge:key;t:or;p:dfbh;divided:counter;size:0.5}];shield:ironHills},https://watabou.github.io/village-generator/?pop=1549&name=&seed=1482077860064&width=1600&height=727&tags=river%2Chighway%2Cno+square%2Cdense
65,Adzinbhat,Adzinbhat,Adzinbhat Margrave,Baram,Baraman Empire,Narakzir (Dwarven),The Celestial Ascension,11469,3014.13,542.14,42.35,84.91,3573,39°F,Reykjavik (Iceland),,,,walls,plaza,,,{t1:argent;division:{division:perCross;t:azure;line:wavy};charges:[{charge:grenade;t:gules;p:jo;t2:gules;divided:counter;size:0.7}];shield:ironHills},https://watabou.github.io/city-generator/?name=Adzinbhat&population=11469&size=33&seed=1482077860065&river=0&coast=0&farms=1&citadel=0&urban_castle=0&hub=false&plaza=1&temple=0&walls=1&shantytown=0&gates=-1
66,Kalkan,Kizararag,Kizararag County,Baram,Baraman Empire,Memti (Giants),The Celestial Ascension,1618,2682.11,602.05,37.09,55.73,2953,46°F,Prague (Czechia),,,,,plaza,,,{t1:or;ordinaries:[{ordinary:mount;t:gules}];charges:[{charge:lochaberAxe;t:purpure;p:bdf;t2:purpure;size:0.5}];shield:horsehead},https://watabou.github.io/village-generator/?pop=1618&name=&seed=1482077860066&width=1600&height=727&tags=river%2Chighway%2Cdense
67,Gloomberse,Griredade,Griredade County,Roria,Grand Duchy of Roria,Yttribian (Human),The Celestial Ascension,3027,1209.29,612.63,36.16,-73.71,2572,52°F,Antwerp (Belgium),,,citadel,,plaza,,,{t1:argent;charges:[{charge:elephantHeadErased;t:azure;p:e;t2:vert;size:1.5}];shield:fantasy1},https://watabou.github.io/city-generator/?name=Gloomberse&population=3027&size=20&seed=1482077860067&river=1&coast=0&farms=1&citadel=1&urban_castle=0&hub=false&plaza=1&temple=0&walls=0&shantytown=0&gates=-1
68,Aram,,,Gunul,Grand Duchy of Gunul,Narakzir (Dwarven),The Celestial Ascension,16133,1851.41,632.18,34.44,-17.28,13,64°F,Barcelona (Spain),capital,port,,,plaza,,,{t1:azure;division:{division:perCross;t:or;line:straight};charges:[{charge:crossHummetty;t:argent;p:jl;divided:counter;size:0.7}];shield:ironHills},https://watabou.github.io/city-generator/?name=Aram&population=16133&size=37&seed=1482077860068&river=0&coast=1&farms=1&citadel=0&urban_castle=0&hub=false&plaza=1&temple=0&walls=0&shantytown=0&gates=-1&sea=0.54
69,Khargibunba,Zunzar,Zunzar County,Shazah,Principality of Shazah,Narakzir (Dwarven),The Celestial Ascension,16739,3052.05,674.79,30.69,88.25,7559,45°F,Montreal (Canada),capital,,citadel,walls,plaza,,,{t1:gules;division:{division:gyronny;t:or};charges:[{charge:thistle;t:argent;p:e;divided:counter;size:1.5}];shield:ironHills},https://watabou.github.io/city-generator/?name=Khargibunba&population=16739&size=38&seed=1482077860069&river=0&coast=0&farms=1&citadel=1&urban_castle=0&hub=false&plaza=1&temple=0&walls=1&shantytown=0&gates=-1
70,Kharuktharb,Nuled,Nuled Tribe,Zarag,Kingdom of Zarag,Narakzir (Dwarven),The Celestial Ascension,4370,2726.05,746.7,24.37,59.59,6644,50°F,London (England),,,,,plaza,,,{t1:or;charges:[{charge:wolfHeadErased;t:azure;p:jln;t2:azure;size:0.7}];shield:ironHills},https://watabou.github.io/city-generator/?name=Kharuktharb&population=4370&size=23&seed=1482077860070&river=0&coast=0&farms=1&citadel=0&urban_castle=0&hub=false&plaza=1&temple=0&walls=0&shantytown=0&gates=-1
71,Lireesisenas,Ialinlegul,Ialinlegul Earldom,Myth,Myth Empire,Yerionde (Elven),The Celestial Ascension,6560,3929.06,755.89,23.56,165.33,328,77°F,Miami (USA),,port,citadel,,plaza,,,{t1:or;division:{division:perBendSinister;t:gules;line:straight};charges:[{charge:anchor;t:purpure;p:jo;divided:counter;size:0.7}];shield:erebor},https://watabou.github.io/city-generator/?name=Lireesisenas&population=6560&size=26&seed=1482077860071&river=1&coast=1&farms=1&citadel=1&urban_castle=0&hub=false&plaza=1&temple=0&walls=0&shantytown=0&gates=-1&sea=0.02
72,Bilnulgab,Bilnulgab,Bilnulgab County,Shathiz,Holy State of Shathiz,Narakzir (Dwarven),The Celestial Ascension,22776,1881.24,807.83,19,-14.66,840,79°F,Jakarta (Indonesia),,port,citadel,walls,plaza,temple,shanty town,{t1:or;charges:[{charge:fan;t:gules;p:e;t2:gules;size:1.5}];shield:ironHills},https://watabou.github.io/city-generator/?name=Bilnulgab&population=22776&size=42&seed=1482077860072&river=0&coast=1&farms=1&citadel=1&urban_castle=1&hub=false&plaza=1&temple=1&walls=1&shantytown=1&gates=-1&sea=0.19
73,Tunarg,Tunarg,Tunarg County,Umun,Kingdom of Umun,Narakzir (Dwarven),The Celestial Ascension,12177,2214.3,1030.6,-0.58,14.62,554,91°F,Mecca (Saudi Arabia),,,,walls,plaza,,,{t1:sable;charges:[{charge:goutte;t:argent;p:abcpqh;size:0.5}];shield:ironHills},https://watabou.github.io/city-generator/?name=Tunarg&population=12177&size=33&seed=1482077860073&river=0&coast=0&farms=1&citadel=0&urban_castle=0&hub=false&plaza=1&temple=0&walls=1&shantytown=0&gates=-1
74,Inelian,Inelian,Inelian Landgrave,Myth,Myth Empire,Yerionde (Elven),The Celestial Ascension,12745,3894.11,1079.61,-4.89,162.26,554,91°F,Mecca (Saudi Arabia),,,,walls,plaza,,,{t1:azure;ordinaries:[{ordinary:gyron;t:argent}];charges:[{charge:bridge2;t:argent;p:bh;size:0.5}];shield:erebor},https://watabou.github.io/city-generator/?name=Inelian&population=12745&size=34&seed=1482077860074&river=1&coast=0&farms=1&citadel=0&urban_castle=0&hub=false&plaza=1&temple=0&walls=1&shantytown=0&gates=-1
75,Kwong,Yuensangia,Yuensangia County,Aymna,Aymnan Empire,Hohap (Human),The Celestial Ascension,11235,3430.87,1117.78,-8.24,121.54,6644,66°F,Marrakesh (Morocco),,,,,plaza,,,{t1:ermine-argent-sable;division:{division:perPale;t:purpure;line:straight};charges:[{charge:annulet;t:azure;p:p;size:0.7};{charge:carreau;t:or;p:q;size:0.7}];shield:diamond},https://watabou.github.io/city-generator/?name=Kwong&population=11235&size=32&seed=1482077860075&river=0&coast=0&farms=1&citadel=0&urban_castle=0&hub=false&plaza=1&temple=0&walls=0&shantytown=0&gates=-1
76,Ambedebe,New Binulb,New Binulb Colony,Umun,Kingdom of Umun,Amarunk (Catfolk),The Celestial Ascension,3206,1978.18,1275.63,-22.12,-6.14,30,86°F,Khartoum (Sudan),,port,,,,,,{t1:argent;ordinaries:[{ordinary:pale;t:gules;line:straight}];charges:[{charge:crossBurgundy;t:argent;p:beh;size:0.5}];shield:fantasy3},https://watabou.github.io/city-generator/?name=Ambedebe&population=3206&size=20&seed=1482077860076&river=0&coast=1&farms=1&citadel=0&urban_castle=0&hub=false&plaza=0&temple=0&walls=0&shantytown=0&gates=-1&sea=1.36
77,Gozyr,Loshichia,Loshichia County,Chechia,Tsardom of Chechia,Seren (Wolfkin),The Celestial Ascension,1503,1513.17,1392.61,-32.4,-47.01,5515,46°F,Prague (Czechia),,,,,,,,{t1:gules;ordinaries:[{ordinary:chevronReversed;t:argent}];charges:[{charge:crossHummetty;t:argent;p:b;size:0.5}];shield:fantasy2},https://watabou.github.io/village-generator/?pop=1503&name=&seed=1482077860077&width=1600&height=727&tags=highway%2Cno+square%2Cdense
78,Bronhallde,Clifpas,Clifpas County,Mistia,Grand Duchy of Mistia,Yttribian (Human),The Celestial Ascension,5833,1509.64,518.45,44.43,-47.32,2218,39°F,Reykjavik (Iceland),,,,,plaza,,,{t1:or;charges:[{charge:crossBottony;t:azure;p:e;size:1.5}];shield:fantasy1},https://watabou.github.io/city-generator/?name=Bronhallde&population=5833&size=25&seed=1482077860078&river=1&coast=0&farms=1&citadel=0&urban_castle=0&hub=false&plaza=1&temple=0&walls=0&shantytown=0&gates=-1
79,Putumngview,Flalehaven,Flalehaven County,Roria,Grand Duchy of Roria,Yttribian (Human),The Celestial Ascension,1579,1304.35,588.24,38.3,-65.36,1890,50°F,London (England),,,,,,,,{t1:argent;charges:[{charge:bearRampant;t:gules;p:e;t2:azure;t3:gules;size:1.5}];shield:fantasy1},https://watabou.github.io/village-generator/?pop=1579&name=&seed=1482077860079&width=1600&height=727&tags=river%2Chighway%2Cno+square%2Cdense
80,Bellverde,Shimhand,Shimhand Margrave,Fay,Principality of Fay,Hidians (Halfling),The Celestial Ascension,1406,962.65,645.51,33.27,-95.39,3360,52°F,Antwerp (Belgium),,,,,plaza,,,{t1:argent;division:{division:perChevronReversed;t:purpure;line:straight};charges:[{charge:grapeBunch;t:azure;p:dfbh;t2:azure;t3:azure;divided:counter;size:0.5}];shield:easterling},https://watabou.github.io/village-generator/?pop=1406&name=&seed=1482077860080&width=1400&height=636&tags=highway%2Cdense
81,Kindum,Kindum,Kindum Territory,Baram,Baraman Empire,Narakzir (Dwarven),The Celestial Ascension,11071,2841.67,698.62,28.6,69.76,8872,39°F,Reykjavik (Iceland),,,,,plaza,,,{t1:argent;division:{division:perChevron;t:vert;line:potentyDexter};charges:[{charge:goat;t:gules;p:dfbh;t2:gules;t3:gules;divided:counter;size:0.5}];shield:ironHills},https://watabou.github.io/city-generator/?name=Kindum&population=11071&size=32&seed=1482077860081&river=0&coast=0&farms=1&citadel=0&urban_castle=0&hub=false&plaza=1&temple=0&walls=0&shantytown=0&gates=-1
82,Whiredameha,,,Neutrals,undefined,Hidians (Halfling),The Celestial Ascension,13308,655.66,733.36,25.54,-122.37,3573,64°F,Barcelona (Spain),,,,,plaza,,,{t1:sable;division:{division:perCross;t:argent;line:urdy};shield:easterling},https://watabou.github.io/city-generator/?name=Whiredameha&population=13308&size=34&seed=1482077860082&river=0&coast=0&farms=1&citadel=0&urban_castle=0&hub=false&plaza=1&temple=0&walls=0&shantytown=0&gates=-1
83,Abertei,,,Neutrals,undefined,Roshinver (Pixie),The Celestial Ascension,1445,1483.2,752.5,23.86,-49.64,13,79°F,Jakarta (Indonesia),,,,,plaza,,,{t1:sable;division:{division:perPale;t:or;line:straight};charges:[{charge:archer;t:argent;p:p;t2:argent;t3:argent;size:0.7};{charge:crescent;t:gules;p:q;size:0.7}];shield:oldFrench},https://watabou.github.io/village-generator/?pop=1445&name=&seed=1482077860083&width=1400&height=636&tags=isolated%2Cdense
84,Raitwyth,Raitwyth,Raitwyth Land,Shathiz,Holy State of Shathiz,Roshinver (Pixie),The Celestial Ascension,2175,1561.3,729.85,25.85,-42.78,738,77°F,Miami (USA),,port,,,,,,{t1:masoned-argent-sable;ordinaries:[{ordinary:cross;t:gules;line:straight}];shield:oldFrench},https://watabou.github.io/city-generator/?name=Raitwyth&population=2175&size=17&seed=1482077860084&river=0&coast=1&farms=1&citadel=0&urban_castle=0&hub=false&plaza=0&temple=0&walls=0&shantytown=0&gates=-1&sea=1.53
85,Zadzar,Kindum,Kindum Territory,Baram,Baraman Empire,Narakzir (Dwarven),The Celestial Ascension,3588,2941.8,738.77,25.07,78.56,14728,28°F,Fairbanks (Alaska),,,,,plaza,,,{t1:argent;charges:[{charge:unicornRampant;t:vert;p:e;t2:vert;t3:vert;size:1.5}];shield:ironHills},https://watabou.github.io/city-generator/?name=Zadzar&population=3588&size=21&seed=1482077860085&river=0&coast=0&farms=1&citadel=0&urban_castle=0&hub=false&plaza=1&temple=0&walls=0&shantytown=0&gates=-1
86,Shunakilbi,Khola,Khola County,Zarag,Kingdom of Zarag,Narakzir (Dwarven),The Celestial Ascension,6284,2551.01,758.04,23.38,44.21,3793,66°F,Marrakesh (Morocco),,,,,plaza,,,{t1:pappellony2-vert-argent-smaller;ordinaries:[{ordinary:pile;t:or}];shield:ironHills},https://watabou.github.io/city-generator/?name=Shunakilbi&population=6284&size=26&seed=1482077860086&river=0&coast=0&farms=1&citadel=0&urban_castle=0&hub=false&plaza=1&temple=0&walls=0&shantytown=0&gates=-1
87,Bilnarg,Khola,Khola County,Zarag,Kingdom of Zarag,Narakzir (Dwarven),The Celestial Ascension,2778,2610.7,796,20.04,49.46,2572,73°F,Rio de Janeiro (Brazil),,,,,plaza,,,{t1:argent;ordinaries:[{ordinary:chevronReversed;t:gules}];charges:[{charge:pike;t:azure;p:b;t2:azure;size:0.5}];shield:ironHills},https://watabou.github.io/city-generator/?name=Bilnarg&population=2778&size=19&seed=1482077860087&river=0&coast=0&farms=1&citadel=0&urban_castle=0&hub=true&plaza=1&temple=0&walls=0&shantytown=0&gates=-1
88,Nulnulbun,Nuled,Nuled Tribe,Zarag,Kingdom of Zarag,Narakzir (Dwarven),The Celestial Ascension,1883,2864.2,869,13.62,71.74,6352,61°F,Dubrovnik (Croatia),,,citadel,,,,,{t1:or;division:{division:perCross;t:gules;line:straight};shield:ironHills},https://watabou.github.io/city-generator/?name=Nulnulbun&population=1883&size=17&seed=1482077860088&river=1&coast=0&farms=1&citadel=1&urban_castle=1&hub=false&plaza=0&temple=0&walls=0&shantytown=0&gates=-1
89,Bhruraberesk,,,Neutrals,undefined,Roshinver (Pixie),The Celestial Ascension,3206,1449,925.7,8.64,-52.65,13,91°F,Mecca (Saudi Arabia),,,citadel,,plaza,,,{t1:argent;division:{division:chevronny;t:sable};charges:[{charge:roundel;t:purpure;p:abcpqh;divided:counter;size:0.5}];shield:oldFrench},https://watabou.github.io/city-generator/?name=Bhruraberesk&population=3206&size=20&seed=1482077860089&river=0&coast=0&farms=1&citadel=1&urban_castle=0&hub=false&plaza=1&temple=0&walls=0&shantytown=0&gates=-1
90,Evralorerin,Meethetheas,Meethetheas Earldom,Myth,Myth Empire,Yerionde (Elven),The Celestial Ascension,11160,4006.14,977.47,4.09,172.1,13,93°F,Mecca (Saudi Arabia),,,,,plaza,,,{t1:gules;division:{division:chevronny;t:argent};charges:[{charge:triangle;t:or;p:jlh;divided:counter;size:0.7}];shield:erebor},https://watabou.github.io/city-generator/?name=Evralorerin&population=11160&size=32&seed=1482077860090&river=1&coast=0&farms=0&citadel=0&urban_castle=0&hub=false&plaza=1&temple=0&walls=0&shantytown=0&gates=-1
91,Srannorlon,Meethetheas,Meethetheas Earldom,Myth,Myth Empire,Yerionde (Elven),The Celestial Ascension,1708,3728.2,1004.4,1.72,147.67,840,90°F,Mecca (Saudi Arabia),,,,,,,,{t1:ermine-argent-sable;ordinaries:[{ordinary:pallReversed;t:gules}];shield:erebor},https://watabou.github.io/village-generator/?pop=1708&name=&seed=1482077860091&width=1600&height=727&tags=highway%2Cno+orchards%2Cno+square%2Cdense
92,Ingentaberda,,,Neutrals,undefined,Roshinver (Pixie),The Celestial Ascension,1738,1308.29,1055.82,-2.8,-65.01,82,93°F,Mecca (Saudi Arabia),,,citadel,,plaza,,,{t1:argent;charges:[{charge:crossPatriarchal;t:gules;p:e;size:1.5}];shield:oldFrench},https://watabou.github.io/city-generator/?name=Ingentaberda&population=1738&size=16&seed=1482077860092&river=0&coast=0&farms=1&citadel=1&urban_castle=1&hub=false&plaza=1&temple=0&walls=0&shantytown=0&gates=-1
93,Ichar,New Binulb,New Binulb Colony,Umun,Kingdom of Umun,Amarunk (Catfolk),The Celestial Ascension,1822,1904.48,1282.17,-22.69,-12.61,52,82°F,Bangkok (Thailand),,,citadel,,,,,{t1:gules;ordinaries:[{ordinary:fess;t:or;line:angled}];charges:[{charge:crossPatteeAlisee;t:gules;p:def;size:0.5}];shield:fantasy3},https://watabou.github.io/city-generator/?name=Ichar&population=1822&size=16&seed=1482077860093&river=0&coast=0&farms=1&citadel=1&urban_castle=0&hub=false&plaza=0&temple=0&walls=0&shantytown=0&gates=-1
94,Drutshin,Drutshin,Drutshin County,Chechia,Tsardom of Chechia,Seren (Wolfkin),The Celestial Ascension,22510,1625.85,1350.55,-28.7,-37.1,82,75°F,Dakar (Senegal),,,citadel,walls,plaza,,shanty town,{t1:argent;division:{division:perPile;t:azure;line:seaWaves};charges:[{charge:crossOrthodox;t:vert;p:e;divided:counter;size:0.7}];shield:fantasy2},https://watabou.github.io/city-generator/?name=Drutshin&population=22510&size=42&seed=1482077860094&river=1&coast=0&farms=1&citadel=1&urban_castle=1&hub=false&plaza=1&temple=0&walls=1&shantytown=1&gates=-1
95,Kitsoq,Kitsoq,Kitsoq Land,Ika,Principality of Ika,Qaluk (Ravenfolk),The Celestial Ascension,5861,1045.55,1400.75,-33.11,-88.11,7559,37°F,Tromsø (Norway),,,,,,,,{t1:purpure;charges:[{charge:frog;t:argent;p:jeo;size:0.5}];shield:fantasy4},https://watabou.github.io/city-generator/?name=Kitsoq&population=5861&size=25&seed=1482077860095&river=0&coast=0&farms=1&citadel=0&urban_castle=0&hub=false&plaza=0&temple=0&walls=0&shantytown=0&gates=-1
96,Isuirikat,Ototojoku,Ototojoku County,Namama,Namaman Shogunate,Kitabu (Foxkin),The Celestial Ascension,10745,3024.62,1411.62,-34.07,85.84,397,64°F,Barcelona (Spain),,,,walls,plaza,,,{t1:vert;ordinaries:[{ordinary:pale;t:or;line:straight}];charges:[{charge:crossHummetty;t:gules;p:e;size:0.7}];shield:fantasy5},https://watabou.github.io/city-generator/?name=Isuirikat&population=10745&size=32&seed=1482077860096&river=1&coast=0&farms=1&citadel=0&urban_castle=0&hub=false&plaza=1&temple=0&walls=1&shantytown=0&gates=-1
97,Pronslavl,Drutshin,Drutshin County,Chechia,Tsardom of Chechia,Seren (Wolfkin),The Celestial Ascension,10760,1567.89,1435.36,-36.15,-42.2,3360,52°F,Antwerp (Belgium),,,,,plaza,,,{t1:argent;charges:[{charge:raft;t:vert;p:e;size:1.5}];shield:fantasy2},https://watabou.github.io/city-generator/?name=Pronslavl&population=10760&size=32&seed=1482077860097&river=0&coast=0&farms=1&citadel=0&urban_castle=0&hub=false&plaza=1&temple=0&walls=0&shantytown=0&gates=-1
98,Tilov,Minech,Minech County,Chechia,Tsardom of Chechia,Seren (Wolfkin),The Celestial Ascension,10125,1669.3,1507.1,-42.46,-33.28,2759,45°F,Montreal (Canada),,,,,plaza,,,{t1:azure;division:{division:gyronny;t:argent};charges:[{charge:grapeBunch2;t:or;p:e;t2:or;t3:or;divided:counter;size:1.5}];shield:fantasy2},https://watabou.github.io/city-generator/?name=Tilov&population=10125&size=31&seed=1482077860098&river=0&coast=0&farms=1&citadel=0&urban_castle=0&hub=false&plaza=1&temple=0&walls=0&shantytown=0&gates=-1
99,Meetha,Nemelu,Nemelu County,Hin,Principality of Hin,Yerionde (Elven),The Celestial Ascension,26177,3776.31,1504.36,-42.22,151.9,397,52°F,Antwerp (Belgium),capital,port,citadel,walls,plaza,temple,,{t1:barry-argent-gules;charges:[{charge:crossPotent;t:purpure;p:e;size:1.5}];shield:erebor},https://watabou.github.io/city-generator/?name=Meetha&population=26177&size=45&seed=1482077860099&river=0&coast=1&farms=0&citadel=1&urban_castle=0&hub=false&plaza=1&temple=1&walls=1&shantytown=0&gates=-1&sea=1.86
100,Likunia,Minech,Minech County,Chechia,Tsardom of Chechia,Seren (Wolfkin),The Celestial Ascension,1603,1851.03,1572.26,-48.19,-17.31,82,41°F,Harbin (China),,,,,plaza,,,{t1:azure;charges:[{charge:cavalier;t:or;p:e;t2:or;t3:argent;size:1.5}];shield:fantasy2},https://watabou.github.io/village-generator/?pop=1603&name=&seed=1482077860100&width=1600&height=727&tags=dead+end%2Cfarmland%2Cdense
101,Houndcrest,Yttribus,Yttribus Barony,Ronia,Kingdom of Ronia,Yttribian (Human),The Celestial Ascension,2089,1117.78,426.16,52.54,-81.76,2759,32°F,Murmansk (Russia),,,,,plaza,,,{t1:gules;charges:[{charge:talbotPassant;t:or;p:e;t2:or;t3:or;size:1.5}];shield:fantasy1},https://watabou.github.io/city-generator/?name=Houndcrest&population=2089&size=17&seed=1482077860101&river=1&coast=0&farms=0&citadel=0&urban_castle=0&hub=false&plaza=1&temple=0&walls=0&shantytown=0&gates=-1
102,Nunal,Buzur,Buzur County,Khiz,Principality of Khiz,Narakzir (Dwarven),The Celestial Ascension,14687,2159.85,422.89,52.83,9.83,1063,37°F,Tromsø (Norway),,,,,plaza,,,{t1:purpure;division:{division:perFess;t:or;line:straight};ordinaries:[{ordinary:saltireParted;t:argent;line:straight;divided:counter}];shield:ironHills},https://watabou.github.io/city-generator/?name=Nunal&population=14687&size=36&seed=1482077860102&river=1&coast=0&farms=1&citadel=0&urban_castle=0&hub=false&plaza=1&temple=0&walls=0&shantytown=0&gates=-1
103,Dirtshield,Dirtshield,Dirtshield County,Mistia,Grand Duchy of Mistia,Yttribian (Human),The Celestial Ascension,28698,1648.64,495.89,46.42,-35.1,266,45°F,Montreal (Canada),capital,port,,walls,plaza,temple,shanty town,{t1:sable;ordinaries:[{ordinary:chief;t:or;line:straight}];charges:[{charge:lymphad;t:gules;p:abc;t2:gules;t3:gules;size:0.5}];shield:fantasy1},https://watabou.github.io/city-generator/?name=Dirtshield&population=28698&size=46&seed=1482077860103&river=1&coast=1&farms=1&citadel=0&urban_castle=0&hub=false&plaza=1&temple=1&walls=1&shantytown=1&gates=-1&sea=1.74
104,Akinbhizd,Akinbhizd,Akinbhizd Earldom,Baram,Baraman Empire,Narakzir (Dwarven),The Celestial Ascension,12204,3050.78,466.88,48.97,88.13,4019,32°F,Murmansk (Russia),,,,,plaza,,,{t1:semy_of_comet-or-azure;charges:[{charge:scissors2;t:gules;p:e;size:1.5}];shield:ironHills},https://watabou.github.io/city-generator/?name=Akinbhizd&population=12204&size=33&seed=1482077860104&river=0&coast=0&farms=1&citadel=0&urban_castle=0&hub=false&plaza=1&temple=0&walls=0&shantytown=0&gates=-1
105,Grasshield,Swiftia,Swiftia County,Ronia,Kingdom of Ronia,Yttribian (Human),The Celestial Ascension,6803,1030.56,528.94,43.51,-89.42,4019,39°F,Reykjavik (Iceland),,,,,plaza,,,{t1:gules;charges:[{charge:crossLatin;t:or;p:e;size:1.5}];shield:fantasy1},https://watabou.github.io/city-generator/?name=Grasshield&population=6803&size=27&seed=1482077860105&river=0&coast=0&farms=1&citadel=0&urban_castle=0&hub=false&plaza=1&temple=0&walls=0&shantytown=0&gates=-1
106,Flalehaven,Flalehaven,Flalehaven County,Roria,Grand Duchy of Roria,Yttribian (Human),The Celestial Ascension,23170,1347.85,568.37,40.05,-61.54,4252,41°F,Harbin (China),capital,,citadel,walls,plaza,,shanty town,{t1:argent;division:{division:perPale;t:barry-purpure-or;line:straight};charges:[{charge:hourglass;t:azure;p:p;t2:azure;t3:azure;size:0.7};{charge:wolfPassant;t:azure;p:q;size:0.7}];shield:fantasy1},https://watabou.github.io/city-generator/?name=Flalehaven&population=23170&size=43&seed=1482077860106&river=0&coast=0&farms=1&citadel=1&urban_castle=1&hub=false&plaza=1&temple=0&walls=1&shantytown=1&gates=-1
107,Khar,Baragzar,Baragzar County,Shathiz,Holy State of Shathiz,Narakzir (Dwarven),The Celestial Ascension,9499,1998.5,571,39.81,-4.35,2759,43°F,Stockholm (Sweden),,,,,plaza,,,{t1:or;division:{division:perBend;t:gules;line:straight};charges:[{charge:frog;t:purpure;p:e;size:1.5}];shield:ironHills},https://watabou.github.io/city-generator/?name=Khar&population=9499&size=30&seed=1482077860107&river=0&coast=0&farms=1&citadel=0&urban_castle=0&hub=false&plaza=1&temple=0&walls=0&shantytown=0&gates=-1
108,Shimer,,,Neutrals,undefined,Hidians (Halfling),The Celestial Ascension,2039,663.28,609.91,36.39,-121.7,4252,50°F,London (England),,,,,plaza,,,{t1:bendy-argent-azure;division:{division:perBend;t:sable;line:straight};ordinaries:[{ordinary:saltire;t:gules;line:straight}];shield:easterling},https://watabou.github.io/city-generator/?name=Shimer&population=2039&size=17&seed=1482077860108&river=0&coast=0&farms=1&citadel=0&urban_castle=0&hub=false&plaza=1&temple=0&walls=0&shantytown=0&gates=-1
109,Kakhil,Kibale,Kibale County,Zara,Kingdom of Zara,Memti (Giants),The Celestial Ascension,9541,2296.51,708.77,27.71,21.84,5788,48°F,Copenhagen (Denmark),,,,,plaza,,,{t1:gules;ordinaries:[{ordinary:chief;t:argent;line:straight}];charges:[{charge:horseshoe;t:gules;p:abc;size:0.5}];shield:horsehead},https://watabou.github.io/city-generator/?name=Kakhil&population=9541&size=30&seed=1482077860109&river=0&coast=0&farms=1&citadel=0&urban_castle=0&hub=false&plaza=1&temple=0&walls=0&shantytown=0&gates=-1
110,Sidgurth,Khola,Khola County,Zarag,Kingdom of Zarag,Memti (Giants),The Celestial Ascension,1352,2472.33,727.46,26.06,37.29,6644,50°F,London (England),,,,,plaza,,,{t1:or;ordinaries:[{ordinary:chevron;t:gules}];charges:[{charge:mulletPierced;t:or;p:ach;size:0.5}];shield:horsehead},https://watabou.github.io/village-generator/?pop=1352&name=&seed=1482077860110&width=1400&height=636&tags=highway%2Cdense
111,Akerugwe,,,Neutrals,undefined,Roshinver (Pixie),The Celestial Ascension,2304,1350.06,876.68,12.95,-61.34,13,90°F,Mecca (Saudi Arabia),,port,,,,,,{t1:argent;charges:[{charge:pineCone;t:gules;p:e;size:1.5}];shield:oldFrench},https://watabou.github.io/city-generator/?name=Akerugwe&population=2304&size=18&seed=1482077860111&river=0&coast=1&farms=1&citadel=0&urban_castle=0&hub=false&plaza=0&temple=0&walls=0&shantytown=0&gates=-1&sea=1.98
112,Efranthan,Yuensangia,Yuensangia County,Aymna,Aymnan Empire,Yerionde (Elven),The Celestial Ascension,2672,3438.38,1003.61,1.79,122.2,840,91°F,Mecca (Saudi Arabia),,,,walls,,,,{t1:azure;division:{division:perSaltire;t:argent};charges:[{charge:anvil;t:or;p:df;divided:counter;size:0.5}];shield:erebor},https://watabou.github.io/city-generator/?name=Efranthan&population=2672&size=19&seed=1482077860112&river=1&coast=0&farms=1&citadel=0&urban_castle=0&hub=false&plaza=0&temple=0&walls=1&shantytown=0&gates=-1
113,Gekoakada,Ulgathar,Ulgathar Territory,Khatho,Kingdom of Khatho,Valinayau (Gnome),The Celestial Ascension,1662,3236.44,1027.53,-0.31,104.45,840,91°F,Mecca (Saudi Arabia),,,citadel,,plaza,,,{t1:barry-or-vert;division:{division:perSaltire;t:sable};charges:[{charge:lionRampant;t:gules;p:b;t2:gules;t3:azure;size:0.5};{charge:key;t:or;p:d;size:0.5};{charge:horseshoe;t:or;p:f;size:0.5};{charge:crossedBones;t:sable;p:h;size:0.5}];shield:baroque},https://watabou.github.io/city-generator/?name=Gekoakada&population=1662&size=16&seed=1482077860113&river=1&coast=0&farms=1&citadel=1&urban_castle=0&hub=false&plaza=1&temple=0&walls=0&shantytown=0&gates=-1
114,Nabuzarabi,Nakib,Nakib Margrave,Umun,Kingdom of Umun,Narakzir (Dwarven),The Celestial Ascension,2866,2128.43,1114.67,-7.97,7.07,82,91°F,Mecca (Saudi Arabia),,,,walls,,,,{t1:sable;charges:[{charge:fan;t:argent;p:jln;t2:argent;size:0.7}];shield:ironHills},https://watabou.github.io/city-generator/?name=Nabuzarabi&population=2866&size=19&seed=1482077860114&river=1&coast=0&farms=1&citadel=0&urban_castle=0&hub=false&plaza=0&temple=0&walls=1&shantytown=0&gates=-1
115,Khumunzar,Kharb,Kharb County,Arad,Duchy of Arad,Narakzir (Dwarven),The Celestial Ascension,25803,2606.59,1134.41,-9.7,49.09,472,90°F,Mecca (Saudi Arabia),capital,port,citadel,walls,plaza,temple,,{t1:gules;division:{division:perPale;t:argent;line:straight};charges:[{charge:sabresCrossed;t:or;p:e;t2:or;size:1.5}];shield:ironHills},https://watabou.github.io/city-generator/?name=Khumunzar&population=25803&size=44&seed=1482077860115&river=1&coast=1&farms=1&citadel=1&urban_castle=0&hub=false&plaza=1&temple=1&walls=1&shantytown=0&gates=-1&sea=0.44
116,Oralas,Sheoma,Sheoma County,Aymna,Aymnan Empire,Yerionde (Elven),The Celestial Ascension,7372,3832.12,1203.61,-15.79,156.81,643,86°F,Khartoum (Sudan),,,,,,,,{t1:sable;division:{division:perBendSinister;t:argent;line:nebuly};charges:[{charge:head;t:or;p:j;t2:or;size:0.7};{charge:buckle;t:azure;p:o;size:0.7}];shield:erebor},https://watabou.github.io/city-generator/?name=Oralas&population=7372&size=28&seed=1482077860116&river=1&coast=0&farms=1&citadel=0&urban_castle=0&hub=false&plaza=0&temple=0&walls=0&shantytown=0&gates=-1
117,Thenohillelu,Indorala,Indorala County,Aymna,Aymnan Empire,Yerionde (Elven),The Celestial Ascension,1430,3246.82,1234.7,-18.52,105.37,52,90°F,Mecca (Saudi Arabia),,,,,plaza,,,{t1:purpure;charges:[{charge:escallop;t:or;p:jln;size:0.7}];shield:erebor},https://watabou.github.io/village-generator/?pop=1430&name=&seed=1482077860117&width=1400&height=636&tags=dead+end%2Cno+orchards%2Cdense
118,Majonuri,New Binulb,New Binulb Colony,Umun,Kingdom of Umun,Amarunk (Catfolk),The Celestial Ascension,4947,1823.4,1277.1,-22.25,-19.74,52,82°F,Bangkok (Thailand),,,,,,,,{t1:pally-gules-argent;division:{division:perPale;t:or;line:straight};charges:[{charge:anvil;t:purpure;p:p;size:0.7};{charge:annulet;t:vert;p:q;size:0.7}];shield:fantasy3},https://watabou.github.io/city-generator/?name=Majonuri&population=4947&size=24&seed=1482077860118&river=0&coast=0&farms=1&citadel=0&urban_castle=0&hub=false&plaza=0&temple=0&walls=0&shantytown=0&gates=-1
119,Akavsaupassoq,Iviksedalinia,Iviksedalinia County,Ovetsia,Protectorate of Ovetsia,Qaluk (Ravenfolk),The Celestial Ascension,10119,1078.3,1304.74,-24.67,-85.23,52,79°F,Jakarta (Indonesia),,port,,walls,plaza,,,{t1:purpure;charges:[{charge:lionPassantGuardant;t:or;p:e;t2:or;t3:or;size:1.5}];shield:fantasy4},https://watabou.github.io/city-generator/?name=Akavsaupassoq&population=10119&size=31&seed=1482077860119&river=0&coast=1&farms=1&citadel=0&urban_castle=0&hub=true&plaza=1&temple=0&walls=1&shantytown=0&gates=-1&sea=1.12
120,Lyenara,Nemelu,Nemelu County,Hin,Principality of Hin,Yerionde (Elven),The Celestial Ascension,1457,3833.15,1321.8,-26.17,156.9,161,79°F,Jakarta (Indonesia),,,,,plaza,,,{t1:argent;charges:[{charge:thistle;t:purpure;p:e;size:1.5}];shield:erebor},https://watabou.github.io/village-generator/?pop=1457&name=&seed=1482077860120&width=1400&height=636&tags=river%2Chighway%2Cno+orchards%2Cdense
121,Lodubki,Ovets,Ovets Earldom,Ovetsia,Protectorate of Ovetsia,Seren (Wolfkin),The Celestial Ascension,1351,1431.37,1333.64,-27.21,-54.2,5788,55°F,Milan (Italy),,,,,,,,{t1:gules;ordinaries:[{ordinary:bendSinister;t:or;line:straight}];charges:[{charge:cannon;t:argent;p:ai;t2:argent;size:0.5}];shield:fantasy2},https://watabou.github.io/village-generator/?pop=1351&name=&seed=1482077860121&width=1400&height=636&tags=highway%2Cno+square%2Cdense
122,Nujuk,Nujuk,Nujuk County,Ika,Principality of Ika,Qaluk (Ravenfolk),The Celestial Ascension,12290,736.99,1380.36,-31.32,-115.23,4738,52°F,Antwerp (Belgium),capital,,,walls,plaza,,,{t1:masoned-gules-argent-small;division:{division:perFess;t:or;line:straight};ordinaries:[{ordinary:pallReversed;t:azure}];shield:fantasy4},https://watabou.github.io/city-generator/?name=Nujuk&population=12290&size=33&seed=1482077860122&river=0&coast=0&farms=1&citadel=0&urban_castle=0&hub=false&plaza=1&temple=0&walls=1&shantytown=0&gates=-1
123,Ototojoku,Ototojoku,Ototojoku County,Namama,Namaman Shogunate,Kitabu (Foxkin),The Celestial Ascension,14061,2934.81,1417.56,-34.59,77.94,118,66°F,Marrakesh (Morocco),,,,walls,plaza,,,{t1:azure;charges:[{charge:stirrup;t:argent;p:e;t2:argent;size:1.5}];shield:fantasy5},https://watabou.github.io/city-generator/?name=Ototojoku&population=14061&size=35&seed=1482077860123&river=0&coast=0&farms=1&citadel=0&urban_castle=0&hub=false&plaza=1&temple=0&walls=1&shantytown=0&gates=-1
124,Saarfarssat,Breoenkinguitia,Breoenkinguitia Tribe,Ovetsia,Protectorate of Ovetsia,Qaluk (Ravenfolk),The Celestial Ascension,3634,1225.16,1439.68,-36.53,-72.32,3793,46°F,Prague (Czechia),,,,,,,,{t1:gules;charges:[{charge:horseshoe;t:or;p:abcpqh;size:0.5}];shield:fantasy4},https://watabou.github.io/city-generator/?name=Saarfarssat&population=3634&size=21&seed=1482077860124&river=0&coast=0&farms=1&citadel=0&urban_castle=0&hub=false&plaza=0&temple=0&walls=0&shantytown=0&gates=-1
125,Tomisa,Kanda,Kanda County,Namama,Namaman Shogunate,Kitabu (Foxkin),The Celestial Ascension,1582,2806.69,1415.89,-34.44,66.68,30,61°F,Dubrovnik (Croatia),,port,,,plaza,,,{t1:purpure;division:{division:perCross;t:argent;line:straight};charges:[{charge:pillar;t:or;p:j;size:0.6};{charge:banner;t:azure;p:l;size:0.6};{charge:doveDisplayed;t:purpure;p:m;size:0.6};{charge:mullet6;t:argent;p:o;size:0.6}];shield:fantasy5},https://watabou.github.io/village-generator/?pop=1582&name=&seed=1482077860125&width=1600&height=727&tags=coast%2Cdead+end%2Cdense
126,Minech,Minech,Minech County,Chechia,Tsardom of Chechia,Seren (Wolfkin),The Celestial Ascension,11572,1704.46,1469.65,-39.17,-30.19,3153,46°F,Prague (Czechia),,,,walls,plaza,,,{t1:gules;ordinaries:[{ordinary:cross;t:argent;line:wavy}];charges:[{charge:fusil;t:azure;p:e;size:0.5}];shield:fantasy2},https://watabou.github.io/city-generator/?name=Minech&population=11572&size=33&seed=1482077860126&river=0&coast=0&farms=1&citadel=0&urban_castle=0&hub=false&plaza=1&temple=0&walls=1&shantytown=0&gates=-1
127,Kisuiji,New Ryosa,New Ryosa Colony,Kawa,Principality of Kawa,Kitabu (Foxkin),The Celestial Ascension,22301,3190.87,1580.67,-48.93,100.45,82,41°F,Harbin (China),,,,walls,plaza,,,{t1:azure;charges:[{charge:lionHeadErased;t:or;p:e;t2:or;size:1.5}];shield:fantasy5},https://watabou.github.io/city-generator/?name=Kisuiji&population=22301&size=42&seed=1482077860127&river=0&coast=0&farms=1&citadel=0&urban_castle=0&hub=false&plaza=1&temple=0&walls=1&shantytown=0&gates=-1
128,Bilbibarak,Kilukhil,Kilukhil Earldom,Baram,Baraman Empire,Narakzir (Dwarven),The Celestial Ascension,14889,3075.4,513.19,44.9,90.3,6067,28°F,Fairbanks (Alaska),capital,,,walls,plaza,,,{t1:sable;charges:[{charge:snowflake;t:or;p:e;size:1.5}];shield:ironHills},https://watabou.github.io/city-generator/?name=Bilbibarak&population=14889&size=36&seed=1482077860128&river=0&coast=0&farms=1&citadel=0&urban_castle=0&hub=false&plaza=1&temple=0&walls=1&shantytown=0&gates=-1
129,Hakaron,Bitalyia,Bitalyia Territory,Baram,Baraman Empire,Valinayau (Gnome),The Celestial Ascension,3844,3380.57,559.66,40.81,117.12,738,54°F,Paris (France),,,,,plaza,,,{t1:masoned-argent-sable;ordinaries:[{ordinary:point;t:azure}];charges:[{charge:griffinPassant;t:gules;p:e;t2:gules;t3:gules;size:1.5}];shield:baroque},https://watabou.github.io/city-generator/?name=Hakaron&population=3844&size=22&seed=1482077860129&river=1&coast=0&farms=1&citadel=0&urban_castle=0&hub=false&plaza=1&temple=0&walls=0&shantytown=0&gates=-1
130,Griredade,Griredade,Griredade County,Roria,Grand Duchy of Roria,Yttribian (Human),The Celestial Ascension,17378,1162.49,591.44,38.02,-77.83,5788,39°F,Reykjavik (Iceland),,,citadel,walls,plaza,,,{t1:argent;charges:[{charge:crossBurgundy;t:purpure;p:e;size:1.5}];shield:fantasy1},https://watabou.github.io/city-generator/?name=Griredade&population=17378&size=38&seed=1482077860130&river=0&coast=0&farms=1&citadel=1&urban_castle=1&hub=false&plaza=1&temple=0&walls=1&shantytown=0&gates=-1
131,Morngi,Kibale,Kibale County,Zara,Kingdom of Zara,Memti (Giants),The Celestial Ascension,3437,2391.94,587.04,38.4,30.23,4252,43°F,Stockholm (Sweden),,,,,,,,{t1:argent;charges:[{charge:crosier;t:gules;p:e;size:1.5}];shield:horsehead},https://watabou.github.io/city-generator/?name=Morngi&population=3437&size=21&seed=1482077860131&river=0&coast=0&farms=1&citadel=0&urban_castle=0&hub=false&plaza=0&temple=0&walls=0&shantytown=0&gates=-1
132,Kharb,Adzinbhat,Adzinbhat Margrave,Baram,Baraman Empire,Narakzir (Dwarven),The Celestial Ascension,7693,2981.23,638.94,33.84,82.02,2759,55°F,Milan (Italy),,,,,,,,{t1:gules;charges:[{charge:inescutcheon;t:argent;p:jln;size:0.7};{charge:roundel2;t:sable;p:jln;size:0.35}];shield:ironHills},https://watabou.github.io/city-generator/?name=Kharb&population=7693&size=28&seed=1482077860132&river=0&coast=0&farms=1&citadel=0&urban_castle=0&hub=true&plaza=0&temple=0&walls=0&shantytown=0&gates=-1
133,Imegrasp,,,Neutrals,undefined,Hidians (Halfling),The Celestial Ascension,2670,553.4,692.25,29.16,-131.36,118,72°F,Guangzhou (China),,,,,,,,{t1:sable;division:{division:perChevronReversed;t:or;line:potentySinister};charges:[{charge:lionPassant;t:argent;p:mok;t2:argent;t3:argent;divided:counter;size:0.5}];shield:easterling},https://watabou.github.io/city-generator/?name=Imegrasp&population=2670&size=19&seed=1482077860133&river=1&coast=0&farms=1&citadel=0&urban_castle=0&hub=false&plaza=0&temple=0&walls=0&shantytown=0&gates=-1
134,Newtownhall,Quickia,Quickia County,Saltia,Duchy of Saltia,Hidians (Halfling),The Celestial Ascension,1458,747.92,668.21,31.27,-114.26,2759,59°F,Rome (Italy),,,,,,,,{t1:azure;charges:[{charge:shears;t:or;p:jln;size:0.7}];shield:easterling},https://watabou.github.io/village-generator/?pop=1458&name=&seed=1482077860134&width=1400&height=636&tags=river%2Chighway%2Cno+square%2Cdense
135,Shunzinbhat,Bilnulgab,Bilnulgab County,Shathiz,Holy State of Shathiz,Narakzir (Dwarven),The Celestial Ascension,1415,1923.49,691.96,29.18,-10.94,7248,43°F,Stockholm (Sweden),,,citadel,,,,,{t1:argent;division:{division:perChevron;t:azure;line:nebuly};charges:[{charge:apple;t:gules;p:e;t2:gules;size:1.5}];shield:ironHills},https://watabou.github.io/city-generator/?name=Shunzinbhat&population=1415&size=15&seed=1482077860135&river=0&coast=0&farms=1&citadel=1&urban_castle=0&hub=false&plaza=0&temple=0&walls=0&shantytown=0&gates=-1
136,Nellafetha,Eshmelsyamar,Eshmelsyamar Landgrave,Myth,Myth Empire,Yerionde (Elven),The Celestial Ascension,7526,3530.67,685.48,29.75,130.31,3573,55°F,Milan (Italy),,,,,plaza,,,{t1:vert;division:{division:perFess;t:or;line:straight};charges:[{charge:scissors;t:argent;p:k;size:0.7};{charge:lambPassantReguardant;t:azure;p:n;size:0.7}];shield:erebor},https://watabou.github.io/city-generator/?name=Nellafetha&population=7526&size=28&seed=1482077860136&river=0&coast=0&farms=1&citadel=0&urban_castle=0&hub=false&plaza=1&temple=0&walls=0&shantytown=0&gates=-1
137,Shathelgat,Shathelgat,Shathelgat Dependency,Shathiz,Holy State of Shathiz,Narakzir (Dwarven),The Celestial Ascension,4215,1922.03,743.84,24.62,-11.07,12209,36°F,Anchorage (Alaska),,,,,,,,{t1:fretty-or-gules;ordinaries:[{ordinary:chief;t:sable;line:straight}];charges:[{charge:axe;t:azure;p:ez;t2:azure;size:0.5;sinister:1}];shield:ironHills},https://watabou.github.io/city-generator/?name=Shathelgat&population=4215&size=22&seed=1482077860137&river=0&coast=0&farms=1&citadel=0&urban_castle=0&hub=false&plaza=0&temple=0&walls=0&shantytown=0&gates=-1
138,Belachron,Belachron,Belachron Territory,Shazah,Principality of Shazah,Valinayau (Gnome),The Celestial Ascension,1669,3333.74,878.85,12.76,113,840,86°F,Khartoum (Sudan),,,,,plaza,,,{t1:purpure;charges:[{charge:ouroboros;t:or;p:e;size:1.5}];shield:baroque},https://watabou.github.io/village-generator/?pop=1669&name=&seed=1482077860138&width=1600&height=727&tags=estuary%2Chighway%2Cno+orchards%2Cdense
139,Meethetheas,Meethetheas,Meethetheas Earldom,Myth,Myth Empire,Yerionde (Elven),The Celestial Ascension,15275,3855.65,1047.02,-2.02,158.88,554,90°F,Mecca (Saudi Arabia),,,,,plaza,,,{t1:azure;division:{division:perPale;t:or;line:straight};ordinaries:[{ordinary:pilesInPoint;t:argent}];charges:[{charge:pineTree;t:sable;p:jl;t2:argent;size:0.7}];shield:erebor},https://watabou.github.io/city-generator/?name=Meethetheas&population=15275&size=36&seed=1482077860139&river=1&coast=0&farms=1&citadel=0&urban_castle=0&hub=false&plaza=1&temple=0&walls=0&shantytown=0&gates=-1
140,Hlurtheas,Meethetheas,Meethetheas Earldom,Myth,Myth Empire,Yerionde (Elven),The Celestial Ascension,1759,3683,1095.39,-6.27,143.7,210,93°F,Mecca (Saudi Arabia),,,,,,,,{t1:vert;charges:[{charge:crescent;t:argent;p:jln;size:0.7}];shield:erebor},https://watabou.github.io/village-generator/?pop=1759&name=&seed=1482077860140&width=1600&height=727&tags=highway%2Cno+orchards%2Cno+square%2Cdense
141,Nakib,Nakib,Nakib Margrave,Umun,Kingdom of Umun,Narakzir (Dwarven),The Celestial Ascension,12374,2044.35,1122.01,-8.61,-0.32,13,91°F,Mecca (Saudi Arabia),,port,citadel,walls,,,,{t1:or;ordinaries:[{ordinary:bordure;t:purpure}];charges:[{charge:saw;t:or;p:ABCDEFGHIJKL;t2:or;size:0.18}];shield:ironHills},https://watabou.github.io/city-generator/?name=Nakib&population=12374&size=34&seed=1482077860141&river=0&coast=1&farms=1&citadel=1&urban_castle=0&hub=false&plaza=0&temple=0&walls=1&shantytown=0&gates=-1&sea=0.87
142,Kabel,Indorala,Indorala County,Aymna,Aymnan Empire,Valinayau (Gnome),The Celestial Ascension,5755,3249.01,1111.38,-7.68,105.56,840,90°F,Mecca (Saudi Arabia),,,,,plaza,,,{t1:gules;ordinaries:[{ordinary:pale;t:argent;line:arched}];charges:[{charge:bridge2;t:purpure;p:e;size:0.7}];shield:baroque},https://watabou.github.io/city-generator/?name=Kabel&population=5755&size=25&seed=1482077860142&river=1&coast=0&farms=1&citadel=0&urban_castle=0&hub=false&plaza=1&temple=0&walls=0&shantytown=0&gates=-1
143,Hlurtha,Hlurtha,Hlurtha County,Aymna,Aymnan Empire,Yerionde (Elven),The Celestial Ascension,11693,3540.92,1161.41,-12.08,131.21,643,88°F,Mecca (Saudi Arabia),,,,walls,plaza,,,{t1:sable;charges:[{charge:dolphin;t:argent;p:def;t2:argent;size:0.5}];shield:erebor},https://watabou.github.io/city-generator/?name=Hlurtha&population=11693&size=33&seed=1482077860143&river=1&coast=0&farms=1&citadel=0&urban_castle=0&hub=false&plaza=1&temple=0&walls=1&shantytown=0&gates=-1
144,Khiz,Nakib,Nakib Margrave,Umun,Kingdom of Umun,Narakzir (Dwarven),The Celestial Ascension,8613,2083.13,1242.15,-19.17,3.09,82,90°F,Mecca (Saudi Arabia),,,,,plaza,,,{t1:gules;ordinaries:[{ordinary:pale;t:argent;line:straight}];charges:[{charge:helmetCorinthian;t:gules;p:e;t2:gules;t3:argent;size:0.7}];shield:ironHills},https://watabou.github.io/city-generator/?name=Khiz&population=8613&size=29&seed=1482077860144&river=0&coast=0&farms=1&citadel=0&urban_castle=0&hub=false&plaza=1&temple=0&walls=0&shantytown=0&gates=-1
145,Sverd,Sverd,Sverd Earldom,Ika,Principality of Ika,Qaluk (Ravenfolk),The Celestial Ascension,8465,767.63,1301.52,-24.39,-112.53,2953,70°F,Tegucigalpa (Honduras),,,,,plaza,,,{t1:vert;charges:[{charge:bee;t:or;p:e;t2:argent;t3:or;size:1.5}];shield:fantasy4},https://watabou.github.io/city-generator/?name=Sverd&population=8465&size=29&seed=1482077860145&river=0&coast=0&farms=1&citadel=0&urban_castle=0&hub=false&plaza=1&temple=0&walls=0&shantytown=0&gates=-1
146,Olonesi,Reinolulil,Reinolulil County,Aymna,Aymnan Empire,Yerionde (Elven),The Celestial Ascension,9997,3728.46,1300.63,-24.31,147.7,1447,77°F,Miami (USA),,,,,,,,{t1:azure;charges:[{charge:mascle;t:or;p:joe;size:0.5}];shield:erebor},https://watabou.github.io/city-generator/?name=Olonesi&population=9997&size=31&seed=1482077860146&river=0&coast=0&farms=1&citadel=0&urban_castle=0&hub=false&plaza=0&temple=0&walls=0&shantytown=0&gates=-1
147,Samiarmiut,Ovets,Ovets Earldom,Ovetsia,Protectorate of Ovetsia,Qaluk (Ravenfolk),The Celestial Ascension,1439,1337.17,1341.52,-27.91,-62.48,3573,59°F,Rome (Italy),,,,,,,,{t1:or;ordinaries:[{ordinary:bar;t:purpure;line:nebuly}];charges:[{charge:crossHummetty;t:or;p:def;size:0.3}];shield:fantasy4},https://watabou.github.io/village-generator/?pop=1439&name=&seed=1482077860147&width=1400&height=636&tags=river%2Chighway%2Cno+square%2Cdense
148,Mathyrran,Nemelu,Nemelu County,Hin,Principality of Hin,Yerionde (Elven),The Celestial Ascension,1369,3726.89,1384.03,-31.64,147.56,2759,61°F,Dubrovnik (Croatia),,,,,,,,{t1:argent;charges:[{charge:pike;t:sable;p:e;t2:azure;size:1.5}];shield:erebor},https://watabou.github.io/village-generator/?pop=1369&name=&seed=1482077860148&width=1400&height=636&tags=highway%2Cuncultivated%2Cno+square%2Cdense
149,Ashifu,Ryosa,Ryosa County,Kawa,Principality of Kawa,Kitabu (Foxkin),The Celestial Ascension,1742,3233.1,1398.5,-32.92,104.16,30,66°F,Marrakesh (Morocco),,,citadel,,,,,{t1:purpure;ordinaries:[{ordinary:cross;t:argent;line:embattledGrady}];charges:[{charge:crossArrowed;t:gules;p:behdf;size:0.3}];shield:fantasy5},https://watabou.github.io/city-generator/?name=Ashifu&population=1742&size=16&seed=1482077860149&river=0&coast=0&farms=1&citadel=1&urban_castle=0&hub=false&plaza=0&temple=0&walls=0&shantytown=0&gates=-1
150,Kyesi,Selhosana,Selhosana Territory,Aymna,Aymnan Empire,Yerionde (Elven),The Celestial Ascension,1403,3493.28,1521.55,-43.73,127.03,1184,45°F,Montreal (Canada),,,,,plaza,,,{t1:ermine-argent-sable;division:{division:perFess;t:purpure;line:straight};charges:[{charge:swan;t:azure;p:k;t2:azure;t3:gules;size:0.7};{charge:crossTau;t:or;p:n;size:0.7}];shield:erebor},https://watabou.github.io/village-generator/?pop=1403&name=&seed=1482077860150&width=1400&height=636&tags=highway%2Cuncultivated%2Cdense
151,Nel-Sin,Nemelu,Nemelu County,Hin,Principality of Hin,Yerionde (Elven),The Celestial Ascension,2649,3745.12,1529.06,-44.39,149.16,328,46°F,Prague (Czechia),,,,,plaza,,,{t1:argent;charges:[{charge:crossSaltire;t:azure;p:jlh;size:0.7}];shield:erebor},https://watabou.github.io/city-generator/?name=Nel-Sin&population=2649&size=19&seed=1482077860151&river=0&coast=0&farms=1&citadel=0&urban_castle=0&hub=false&plaza=1&temple=0&walls=0&shantytown=0&gates=-1
152,Enanar,Selhosana,Selhosana Territory,Aymna,Aymnan Empire,Yerionde (Elven),The Celestial Ascension,3490,3426.97,1538.28,-45.2,121.2,13,43°F,Stockholm (Sweden),,,,,,,,{t1:purpure;ordinaries:[{ordinary:orle;t:argent}];charges:[{charge:anchor;t:argent;p:peq;size:0.4}];shield:erebor},https://watabou.github.io/city-generator/?name=Enanar&population=3490&size=21&seed=1482077860152&river=0&coast=0&farms=1&citadel=0&urban_castle=0&hub=false&plaza=0&temple=0&walls=0&shantytown=0&gates=-1
153,Bazindus,Bazindus,Bazindus Barony,Baram,Baraman Empire,Narakzir (Dwarven),The Celestial Ascension,11414,2753.14,496.6,46.35,61.98,2953,39°F,Reykjavik (Iceland),,,,,plaza,,,{t1:argent;ordinaries:[{ordinary:bar;t:gules;line:embattled}];charges:[{charge:ramHeadErased;t:argent;p:def;t2:purpure;t3:argent;size:0.3}];shield:ironHills},https://watabou.github.io/city-generator/?name=Bazindus&population=11414&size=33&seed=1482077860153&river=1&coast=0&farms=1&citadel=0&urban_castle=0&hub=false&plaza=1&temple=0&walls=0&shantytown=0&gates=-1
154,Shunzadd,Kilukhil,Kilukhil Earldom,Baram,Baraman Empire,Narakzir (Dwarven),The Celestial Ascension,3167,3153.5,540.52,42.49,97.16,1890,45°F,Montreal (Canada),,,,,,,,{t1:gules;division:{division:perCross;t:argent;line:straight};charges:[{charge:mullet8;t:or;p:e;size:1.5}];shield:ironHills},https://watabou.github.io/city-generator/?name=Shunzadd&population=3167&size=20&seed=1482077860154&river=0&coast=0&farms=0&citadel=0&urban_castle=0&hub=false&plaza=0&temple=0&walls=0&shantytown=0&gates=-1
155,Atiq,Bitalyia,Bitalyia Territory,Baram,Baraman Empire,Valinayau (Gnome),The Celestial Ascension,7214,3235.64,567.85,40.09,104.38,4252,43°F,Stockholm (Sweden),,,,,plaza,,,{t1:bendy-argent-gules-smaller;division:{division:perFess;t:azure;line:straight};shield:baroque},https://watabou.github.io/city-generator/?name=Atiq&population=7214&size=27&seed=1482077860155&river=0&coast=0&farms=1&citadel=0&urban_castle=0&hub=false&plaza=1&temple=0&walls=0&shantytown=0&gates=-1
156,Moab,Ramia,Ramia County,Shazah,Principality of Shazah,Valinayau (Gnome),The Celestial Ascension,4118,3120.26,717.92,26.9,94.24,4019,59°F,Rome (Italy),,,,,plaza,,,{t1:purpure;charges:[{charge:cavalier;t:or;p:e;t2:or;t3:or;size:1.5}];shield:baroque},https://watabou.github.io/city-generator/?name=Moab&population=4118&size=22&seed=1482077860156&river=0&coast=0&farms=1&citadel=0&urban_castle=0&hub=false&plaza=1&temple=0&walls=0&shantytown=0&gates=-1
157,Khiz,Shuru,Shuru County,Zarag,Kingdom of Zarag,Narakzir (Dwarven),The Celestial Ascension,3146,2650.26,736.31,25.29,52.93,4019,61°F,Dubrovnik (Croatia),,,,,plaza,,,{t1:argent;ordinaries:[{ordinary:chief;t:gules;line:straight}];charges:[{charge:wasp;t:or;p:b;t2:or;t3:or;size:0.5}];shield:ironHills},https://watabou.github.io/city-generator/?name=Khiz&population=3146&size=20&seed=1482077860157&river=1&coast=0&farms=1&citadel=0&urban_castle=0&hub=false&plaza=1&temple=0&walls=0&shantytown=0&gates=-1
158,Khatha,,,Neutrals,undefined,Narakzir (Dwarven),The Celestial Ascension,1474,2936.58,790.45,20.53,78.1,20477,10°F,Yakutsk (Russia),,,,,,,,{t1:argent;charges:[{charge:inescutcheon;t:gules;p:e;size:1.5};{charge:goutte;t:or;p:e;size:0.75}];shield:ironHills},https://watabou.github.io/village-generator/?pop=1474&name=&seed=1482077860158&width=1400&height=636&tags=highway%2Cno+orchards%2Cno+square%2Cdense
159,Narag,,,Neutrals,undefined,Narakzir (Dwarven),The Celestial Ascension,1325,3007.69,790.77,20.5,84.35,14728,32°F,Murmansk (Russia),,,,,,,,{t1:azure;division:{division:perFess;t:or;line:escartely};ordinaries:[{ordinary:bar;t:argent;line:straight}];shield:ironHills},https://watabou.github.io/village-generator/?pop=1325&name=&seed=1482077860159&width=1400&height=636&tags=highway%2Cno+orchards%2Cno+square%2Cdense
160,Allelion,Allelion,Allelion Landgrave,Myth,Myth Empire,Yerionde (Elven),The Celestial Ascension,12500,3946.3,1271.76,-21.78,166.84,161,82°F,Bangkok (Thailand),capital,port,,,,,,{t1:argent;division:{division:perPile;t:gules;line:straight};charges:[{charge:snake;t:sable;p:jleh;t2:sable;divided:counter;size:0.5}];shield:erebor},https://watabou.github.io/city-generator/?name=Allelion&population=12500&size=34&seed=1482077860160&river=0&coast=1&farms=0&citadel=0&urban_castle=0&hub=false&plaza=0&temple=0&walls=0&shantytown=0&gates=-1&sea=0.85
161,Gowa,Gowa,Gowa Island,Namama,Namaman Shogunate,Kitabu (Foxkin),The Celestial Ascension,2572,2571.97,1480.34,-40.11,46.05,13,54°F,Paris (France),,port,,,,,,{t1:sable;division:{division:perFess;t:argent;line:straight};charges:[{charge:headWreathed;t:or;p:k;t2:or;t3:or;size:0.7};{charge:donkeyHeadCaboshed;t:azure;p:n;size:0.7}];shield:round},https://watabou.github.io/city-generator/?name=Gowa&population=2572&size=19&seed=1482077860161&river=0&coast=1&farms=0&citadel=0&urban_castle=0&hub=false&plaza=0&temple=0&walls=0&shantytown=0&gates=-1&sea=0.42
162,Nishita,Walboveria,Walboveria Islands,Namama,Namaman Shogunate,Kitabu (Foxkin),The Celestial Ascension,2557,2654.05,1381.73,-31.44,53.27,13,70°F,Tegucigalpa (Honduras),,port,,,plaza,,,{t1:purpure;charges:[{charge:mullet;t:or;p:behdf;size:0.4}];shield:round},https://watabou.github.io/city-generator/?name=Nishita&population=2557&size=19&seed=1482077860162&river=0&coast=1&farms=0&citadel=0&urban_castle=0&hub=false&plaza=1&temple=0&walls=0&shantytown=0&gates=-1&sea=1.23
163,Kokoto,Kokoto,Kokoto County,Namama,Namaman Shogunate,Kitabu (Foxkin),The Celestial Ascension,12586,2628.73,1240.79,-19.05,51.04,52,90°F,Mecca (Saudi Arabia),capital,port,citadel,walls,plaza,temple,,{t1:vert;ordinaries:[{ordinary:chief;t:argent;line:straight}];charges:[{charge:crescent;t:or;p:ez;size:0.5}];shield:round},https://watabou.github.io/city-generator/?name=Kokoto&population=12586&size=34&seed=1482077860163&river=0&coast=1&farms=0&citadel=1&urban_castle=0&hub=false&plaza=1&temple=1&walls=1&shantytown=0&gates=-1&sea=0.12
164,Shizugo,Walboveria,Walboveria Islands,Namama,Namaman Shogunate,Kitabu (Foxkin),The Celestial Ascension,2561,2891.25,1251.77,-20.02,74.11,13,86°F,Khartoum (Sudan),,port,,walls,plaza,,,{t1:gemelles-or-vert;charges:[{charge:hatchet;t:sable;p:e;t2:sable;size:1.5}];shield:round},https://watabou.github.io/city-generator/?name=Shizugo&population=2561&size=19&seed=1482077860164&river=0&coast=1&farms=0&citadel=0&urban_castle=0&hub=false&plaza=1&temple=0&walls=1&shantytown=0&gates=-1&sea=0.34
165,Zaram,New Nulukkhil,New Nulukkhil Colony,Khatho,Kingdom of Khatho,Narakzir (Dwarven),The Celestial Ascension,4210,2814.24,1183.99,-14.06,67.35,118,90°F,Mecca (Saudi Arabia),,port,citadel,walls,plaza,temple,shanty town,{t1:or;charges:[{charge:ladder2;t:purpure;p:e;size:1.5}];shield:round},https://watabou.github.io/city-generator/?name=Zaram&population=4210&size=22&seed=1482077860165&river=0&coast=1&farms=0&citadel=1&urban_castle=0&hub=false&plaza=1&temple=1&walls=1&shantytown=1&gates=-1&sea=1.09
166,Undundiled,Ukthahag,Ukthahag Shire,Khatho,Kingdom of Khatho,Narakzir (Dwarven),The Celestial Ascension,6172,2994.39,872.27,13.34,83.18,13022,45°F,Montreal (Canada),capital,,citadel,walls,plaza,,shanty town,{t1:or;ordinaries:[{ordinary:orle;t:purpure}];charges:[{charge:wolfPassant;t:purpure;p:jleh;t2:azure;t3:azure;size:0.5}];shield:ironHills},https://watabou.github.io/city-generator/?name=Undundiled&population=6172&size=26&seed=1482077860166&river=0&coast=0&farms=1&citadel=1&urban_castle=1&hub=false&plaza=1&temple=0&walls=1&shantytown=1&gates=-1
167,Shurakharb,Ulgathar,Ulgathar Territory,Khatho,Kingdom of Khatho,Narakzir (Dwarven),The Celestial Ascension,5178,3052.34,836.48,16.48,88.27,6352,64°F,Barcelona (Spain),,,,,plaza,,,{t1:bendy-argent-gules;ordinaries:[{ordinary:bend;t:sable;line:straight}];charges:[{charge:talbotPassant;t:or;p:e;t2:or;t3:or;size:0.7}];shield:ironHills},https://watabou.github.io/city-generator/?name=Shurakharb&population=5178&size=24&seed=1482077860167&river=0&coast=0&farms=1&citadel=0&urban_castle=0&hub=true&plaza=1&temple=0&walls=0&shantytown=0&gates=-1
168,Dvelyego,Dvelyego,Dvelyego County,Chechia,Tsardom of Chechia,Seren (Wolfkin),The Celestial Ascension,12525,1744.33,1266.29,-21.3,-26.69,30,86°F,Khartoum (Sudan),,port,,,plaza,,,{t1:gules;division:{division:perBend;t:bendySinister-or-azure;line:straight};charges:[{charge:crossHummetty;t:argent;p:l;size:0.7};{charge:dragonRampant;t:sable;p:m;size:0.7}];shield:fantasy3},https://watabou.github.io/city-generator/?name=Dvelyego&population=12525&size=34&seed=1482077860168&river=0&coast=1&farms=0&citadel=0&urban_castle=0&hub=false&plaza=1&temple=0&walls=0&shantytown=0&gates=-1&sea=0.67
169,Lutivl,Lutivl,Lutivl Shire,Chechia,Tsardom of Chechia,Seren (Wolfkin),The Celestial Ascension,23528,1768.22,1275.36,-22.09,-24.59,30,86°F,Khartoum (Sudan),capital,,citadel,walls,,,,{t1:purpure;division:{division:perCross;t:or;line:nebuly};charges:[{charge:scythe;t:argent;p:jl;t2:argent;divided:counter;size:0.7;reversed:1}];shield:fantasy3},https://watabou.github.io/city-generator/?name=Lutivl&population=23528&size=43&seed=1482077860169&river=0&coast=0&farms=0&citadel=1&urban_castle=0&hub=false&plaza=0&temple=0&walls=1&shantytown=0&gates=-1
170,Namima,Namima,Namima Territory,Kawa,Principality of Kawa,Kitabu (Foxkin),The Celestial Ascension,4572,2562.29,1540.96,-45.44,45.2,13,43°F,Stockholm (Sweden),,port,,,,,,{t1:gules;charges:[{charge:billet;t:argent;p:e;size:1.5}];shield:round},https://watabou.github.io/city-generator/?name=Namima&population=4572&size=23&seed=1482077860170&river=0&coast=1&farms=0&citadel=0&urban_castle=0&hub=false&plaza=0&temple=0&walls=0&shantytown=0&gates=-1&sea=0.16
171,Mitarai,Tokurizu,Tokurizu Earldom,Kawa,Principality of Kawa,Kitabu (Foxkin),The Celestial Ascension,7537,2615.02,1514.94,-43.15,49.84,13,48°F,Copenhagen (Denmark),capital,port,,walls,,,,{t1:azure;division:{division:perFess;t:argent;line:embattledGrady};charges:[{charge:pique;t:or;p:e;divided:counter;size:1.5}];shield:round},https://watabou.github.io/city-generator/?name=Mitarai&population=7537&size=28&seed=1482077860171&river=0&coast=1&farms=0&citadel=0&urban_castle=0&hub=false&plaza=0&temple=0&walls=1&shantytown=0&gates=-1&sea=1.94
172,Risa,Tsuwama,Tsuwama County,Kawa,Principality of Kawa,Kitabu (Foxkin),The Celestial Ascension,42512,3419.57,1652.86,-55.27,120.55,13,27°F,Okhotsk (Russia),,port,citadel,walls,plaza,temple,,{t1:sable;ordinaries:[{ordinary:quarter;t:argent}];shield:round},https://watabou.github.io/city-generator/?name=Risa&population=42512&size=54&seed=1482077860172&river=0&coast=1&farms=0&citadel=1&urban_castle=1&hub=false&plaza=1&temple=1&walls=1&shantytown=0&gates=-1&sea=0.06
173,Bers,Gedemeshia,Gedemeshia Territory,Aymna,Aymnan Empire,Valinayau (Gnome),The Celestial Ascension,13180,3338.2,934.4,7.88,113.4,2218,84°F,Niamey (Niger),,,citadel,walls,plaza,temple,,{t1:purpure;division:{division:perBend;t:argent;line:straight};charges:[{charge:mullet6;t:or;p:l;size:0.7};{charge:pike;t:gules;p:m;size:0.7}];shield:baroque},https://watabou.github.io/city-generator/?name=Bers&population=13180&size=34&seed=1482077860173&river=1&coast=0&farms=1&citadel=1&urban_castle=0&hub=false&plaza=1&temple=1&walls=1&shantytown=0&gates=-1
174,Arna,Chiland,Chiland Region,Aymna,Aymnan Empire,Valinayau (Gnome),The Celestial Ascension,805,3375.38,1101.3,-6.79,116.66,9925,55°F,Milan (Italy),capital,,citadel,walls,,,,{t1:vert;charges:[{charge:fusil;t:or;p:def;size:0.5}];shield:round},https://watabou.github.io/city-generator/?name=Arna&population=805&size=12&seed=1482077860174&river=0&coast=0&farms=0&citadel=1&urban_castle=1&hub=false&plaza=0&temple=0&walls=1&shantytown=0&gates=-1
175,Aping,Marshia,Marshia Territory,Shathiz,Holy State of Shathiz,Wildlands,The Celestial Ascension,250,1945.45,597.45,37.49,-9.01,18951,-8°F,Yakutsk (Russia),,,,walls,plaza,,,{t1:or;charges:[{charge:pear;t:purpure;p:jlh;t2:purpure;size:0.7}];shield:round},https://watabou.github.io/city-generator/?name=Aping&population=250&size=8&seed=1482077860175&river=0&coast=0&farms=0&citadel=0&urban_castle=0&hub=false&plaza=1&temple=0&walls=1&shantytown=0&gates=-1
176,Gumushmark,Tulfirth,Tulfirth Land,Baram,Baraman Empire,Memti (Giants),The Celestial Ascension,1919,2604.93,501.45,45.93,48.95,2953,36°F,Anchorage (Alaska),,,citadel,,plaza,,,{t1:gules;ordinaries:[{ordinary:chevron;t:or}];charges:[{charge:greyhoundRampant;t:gules;p:ach;t2:gules;size:0.5}];shield:horsehead},https://watabou.github.io/city-generator/?name=Gumushmark&population=1919&size=17&seed=1482077860176&river=1&coast=0&farms=0&citadel=1&urban_castle=1&hub=false&plaza=1&temple=0&walls=0&shantytown=0&gates=-1
177,Mapjez,Grorjur't,Grorjur't Land,Shathiz,Holy State of Shathiz,Sraj'es (Lizardfolk),The Celestial Ascension,32576,1983.71,873.98,13.19,-5.65,2218,84°F,Niamey (Niger),capital,,citadel,walls,plaza,temple,shanty town,{t1:gules;division:{division:chevronny;t:or};ordinaries:[{ordinary:cross;t:argent;line:straight}];shield:heater},https://watabou.github.io/city-generator/?name=Mapjez&population=32576&size=48&seed=1482077860177&river=0&coast=0&farms=0&citadel=1&urban_castle=0&hub=false&plaza=1&temple=1&walls=1&shantytown=1&gates=-1
178,Nenicharo,Cowia,Cowia Island,Chechia,Tsardom of Chechia,Seren (Wolfkin),The Celestial Ascension,17549,1475.35,1167.71,-12.63,-50.33,13,91°F,Mecca (Saudi Arabia),,port,citadel,walls,plaza,temple,,{t1:gules;charges:[{charge:mace;t:argent;p:e;t2:argent;size:1.5}];shield:round},https://watabou.github.io/city-generator/?name=Nenicharo&population=17549&size=38&seed=1482077860178&river=0&coast=1&farms=1&citadel=1&urban_castle=1&hub=false&plaza=1&temple=1&walls=1&shantytown=0&gates=-1&sea=0.23
179,Miaku,Moury,Moury Island,Chechia,Tsardom of Chechia,Amarunk (Catfolk),The Celestial Ascension,16230,1533.19,1070.58,-4.09,-45.25,82,93°F,Mecca (Saudi Arabia),,port,citadel,walls,plaza,temple,shanty town,{t1:azure;ordinaries:[{ordinary:chief;t:or;line:straight}];charges:[{charge:boarHeadErased;t:or;p:ez;t2:or;t3:or;size:0.5}];shield:round},https://watabou.github.io/city-generator/?name=Miaku&population=16230&size=37&seed=1482077860179&river=0&coast=1&farms=1&citadel=1&urban_castle=0&hub=false&plaza=1&temple=1&walls=1&shantytown=1&gates=-1&sea=0.79
180,Kelister,Cowia,Cowia Island,Chechia,Tsardom of Chechia,Wildlands,The Celestial Ascension,21938,1506.75,1117.44,-8.21,-47.57,397,90°F,Mecca (Saudi Arabia),,,citadel,walls,plaza,temple,,{t1:gules;ordinaries:[{ordinary:bordure;t:or}];charges:[{charge:bowWithThreeArrows;t:azure;p:ABCDEFGHIJKL;t2:azure;t3:argent;size:0.18}];shield:round},https://watabou.github.io/city-generator/?name=Kelister&population=21938&size=42&seed=1482077860180&river=0&coast=0&farms=0&citadel=1&urban_castle=1&hub=false&plaza=1&temple=1&walls=1&shantytown=0&gates=-1
181,Nyanyin,New Binulb,New Binulb Colony,Umun,Kingdom of Umun,Amarunk (Catfolk),The Celestial Ascension,157522,1876.49,1321.75,-26.17,-15.07,30,79°F,Jakarta (Indonesia),,,citadel,walls,plaza,temple,shanty town,{t1:argent;ordinaries:[{ordinary:fessCotissed;t:azure;line:invecked}];charges:[{charge:feather;t:or;p:e;size:0.7}];shield:fantasy3},https://watabou.github.io/city-generator/?name=Nyanyin&population=157522&size=88&seed=1482077860181&river=0&coast=0&farms=1&citadel=1&urban_castle=0&hub=false&plaza=1&temple=1&walls=1&shantytown=1&gates=-1
182,Ewhumta,New Binulb,New Binulb Colony,Umun,Kingdom of Umun,Amarunk (Catfolk),The Celestial Ascension,9879,1942.31,1340.68,-27.83,-9.29,52,75°F,Dakar (Senegal),,,citadel,walls,plaza,,,{t1:gules;charges:[{charge:bugleHorn;t:argent;p:e;t2:argent;size:1.5}];shield:fantasy3},https://watabou.github.io/city-generator/?name=Ewhumta&population=9879&size=31&seed=1482077860182&river=0&coast=0&farms=1&citadel=1&urban_castle=1&hub=false&plaza=1&temple=0&walls=1&shantytown=0&gates=-1
183,Gizarbiln,Bilukzig,Bilukzig Land,Umun,Kingdom of Umun,Narakzir (Dwarven),The Celestial Ascension,588,2320.35,935.21,7.8,23.94,11421,50°F,London (England),,,,,,,,{t1:or;division:{division:perCross;t:argent;line:potenty};charges:[{charge:angel;t:azure;p:j;t2:azure;size:0.6}];shield:ironHills},https://watabou.github.io/village-generator/?pop=588&name=&seed=1482077860183&width=1000&height=455&tags=dead+end%2Cuncultivated%2Cno+square%2Cdense
184,Urajola,Witfordia,Witfordia Islands,Umun,Kingdom of Umun,Amarunk (Catfolk),The Celestial Ascension,6210,2431.94,1105.03,-7.12,33.74,13,91°F,Mecca (Saudi Arabia),,port,citadel,walls,plaza,,,{t1:purpure;ordinaries:[{ordinary:saltireParted;t:argent;line:embattledGrady}];charges:[{charge:sabre2;t:purpure;p:e;t2:purpure;size:1.5}];shield:round},https://watabou.github.io/city-generator/?name=Urajola&population=6210&size=26&seed=1482077860184&river=0&coast=1&farms=1&citadel=1&urban_castle=1&hub=false&plaza=1&temple=0&walls=1&shantytown=0&gates=-1&sea=1.58
185,Shimoutht,Pondfordia,Pondfordia Territory,Fay,Principality of Fay,Hidians (Halfling),The Celestial Ascension,5882,680.71,595.78,37.64,-120.17,4492,43°F,Stockholm (Sweden),,,,,plaza,,,{t1:pappellony-argent-sable;ordinaries:[{ordinary:flaunches;t:vert}];charges:[{charge:serpent;t:purpure;p:kn;t2:azure;size:0.7}];shield:easterling},https://watabou.github.io/city-generator/?name=Shimoutht&population=5882&size=25&seed=1482077860185&river=0&coast=0&farms=1&citadel=0&urban_castle=0&hub=false&plaza=1&temple=0&walls=0&shantytown=0&gates=-1
186,Houndreach,Bridpas,Bridpas Territory,Fay,Principality of Fay,Yttribian (Human),The Celestial Ascension,1533,937.46,510.2,45.16,-97.61,4019,34°F,Arkhangelsk (Russia),,,,,plaza,,,{t1:argent;ordinaries:[{ordinary:chevronReversed;t:sable}];charges:[{charge:bugleHorn2;t:sable;p:b;t2:sable;size:0.5}];shield:fantasy1},https://watabou.github.io/village-generator/?pop=1533&name=&seed=1482077860186&width=1600&height=727&tags=dead+end%2Cuncultivated%2Cdense
187,Stanstonton,Cleonland,Cleonland Territory,Khiz,Principality of Khiz,Wildlands,The Celestial Ascension,2203,2041.54,390.93,55.64,-0.57,2953,27°F,Okhotsk (Russia),,,,,plaza,,,{t1:gules;charges:[{charge:headWreathed;t:argent;p:e;t2:argent;t3:argent;size:1.5}];shield:round},https://watabou.github.io/city-generator/?name=Stanstonton&population=2203&size=17&seed=1482077860187&river=0&coast=0&farms=0&citadel=0&urban_castle=0&hub=false&plaza=1&temple=0&walls=0&shantytown=0&gates=-1
188,Portsham,Lympland,Lympland Region,Khiz,Principality of Khiz,Wildlands,The Celestial Ascension,3908,2384.13,337.27,60.36,29.54,328,28°F,Fairbanks (Alaska),,,,,plaza,,,{t1:argent;division:{division:perFess;t:vert;line:straight};ordinaries:[{ordinary:cross;t:azure;line:straight}];shield:round},https://watabou.github.io/city-generator/?name=Portsham&population=3908&size=22&seed=1482077860188&river=0&coast=0&farms=0&citadel=0&urban_castle=0&hub=false&plaza=1&temple=0&walls=0&shantytown=0&gates=-1
189,Folinere,Nesenebel,Nesenebel Territory,Hin,Principality of Hin,Wildlands,The Celestial Ascension,4271,3678.19,1694.33,-58.92,143.28,52,23°F,Snag (Yukon),,port,citadel,walls,plaza,,,{t1:pally-argent-vert;charges:[{charge:crossFleury;t:gules;p:e;size:1.5}];shield:round},https://watabou.github.io/city-generator/?name=Folinere&population=4271&size=22&seed=1482077860189&river=0&coast=1&farms=0&citadel=1&urban_castle=0&hub=false&plaza=1&temple=0&walls=1&shantytown=0&gates=-1&sea=0.28
190,Telond-Did,Thelethlon,Thelethlon Territory,Hin,Principality of Hin,Yerionde (Elven),The Celestial Ascension,2565,3871.31,1243.79,-19.32,160.25,118,90°F,Mecca (Saudi Arabia),,,,,plaza,,,{t1:or;division:{division:perCross;t:purpure;line:embattled};charges:[{charge:arrow;t:sable;p:j;t2:azure;t3:vert;divided:counter;size:0.6}];shield:erebor},https://watabou.github.io/city-generator/?name=Telond-Did&population=2565&size=19&seed=1482077860190&river=0&coast=0&farms=0&citadel=0&urban_castle=0&hub=false&plaza=1&temple=0&walls=0&shantytown=0&gates=-1
191,Dereverf,Litesia,Litesia Land,Mistia,Grand Duchy of Mistia,Yttribian (Human),The Celestial Ascension,2255,1709.03,374.17,57.11,-29.79,161,32°F,Murmansk (Russia),,,,,plaza,,,{t1:gules;division:{division:perBendSinister;t:barry-argent-azure;line:straight};charges:[{charge:grenade;t:or;p:j;t2:or;size:0.7};{charge:sceptre;t:purpure;p:o;size:0.7}];shield:fantasy1},https://watabou.github.io/city-generator/?name=Dereverf&population=2255&size=18&seed=1482077860191&river=0&coast=0&farms=0&citadel=0&urban_castle=0&hub=false&plaza=1&temple=0&walls=0&shantytown=0&gates=-1
192,Kimas,New Myth,New Myth Colony,Myth,Myth Empire,Valinayau (Gnome),The Celestial Ascension,82597,3450.3,643.14,33.47,123.25,1312,59°F,Rome (Italy),,,citadel,walls,plaza,temple,shanty town,{t1:argent;division:{division:perFess;t:lozengy-or-azure;line:straight};ordinaries:[{ordinary:bordure;t:gules}];shield:baroque},https://watabou.github.io/city-generator/?name=Kimas&population=82597&size=69&seed=1482077860192&river=1&coast=0&farms=1&citadel=1&urban_castle=1&hub=false&plaza=1&temple=1&walls=1&shantytown=1&gates=-1
193,Sirethlune,New Ialinlegul,New Ialinlegul Colony,Myth,Myth Empire,Yerionde (Elven),The Celestial Ascension,2951,3641.52,1060.07,-3.17,140.06,8203,64°F,Barcelona (Spain),,,,,,,,{t1:gules;division:{division:perCross;t:argent;line:straight};charges:[{charge:mascle;t:or;p:jl;divided:counter;size:0.7}];shield:erebor},https://watabou.github.io/city-generator/?name=Sirethlune&population=2951&size=20&seed=1482077860193&river=0&coast=0&farms=0&citadel=0&urban_castle=0&hub=false&plaza=0&temple=0&walls=0&shantytown=0&gates=-1
194,Holdemongar,Moshieldia,Moshieldia Territory,Ronia,Kingdom of Ronia,Yttribian (Human),The Celestial Ascension,1619,1444.24,460.34,49.54,-53.06,5788,28°F,Fairbanks (Alaska),,,,,,,,{t1:azure;charges:[{charge:peacock;t:argent;p:jeo;t2:argent;t3:or;size:0.5}];shield:fantasy1},https://watabou.github.io/village-generator/?pop=1619&name=&seed=1482077860194&width=1600&height=727&tags=dead+end%2Cuncultivated%2Cno+orchards%2Cno+square%2Cdense
195,Froth,Rockingia,Rockingia Land,Zara,Kingdom of Zara,Memti (Giants),The Celestial Ascension,22306,2519.17,465.21,49.11,41.41,210,46°F,Prague (Czechia),,,citadel,walls,plaza,,,{t1:bendy-or-purpure;charges:[{charge:apple;t:gules;p:e;t2:azure;size:1.5}];shield:horsehead},https://watabou.github.io/city-generator/?name=Froth&population=22306&size=42&seed=1482077860195&river=0&coast=0&farms=0&citadel=1&urban_castle=0&hub=false&plaza=1&temple=0&walls=1&shantytown=0&gates=-1
196,Kindush,Bagald,Bagald Territory,Zarag,Kingdom of Zarag,Narakzir (Dwarven),The Celestial Ascension,5598,2311.3,766.54,22.63,23.14,840,77°F,Miami (USA),,,,,plaza,,,{t1:sable;ordinaries:[{ordinary:cross;t:or;line:straight}];charges:[{charge:crossFleury;t:gules;p:beh;size:0.3}];shield:ironHills},https://watabou.github.io/city-generator/?name=Kindush&population=5598&size=25&seed=1482077860196&river=0&coast=0&farms=1&citadel=0&urban_castle=0&hub=false&plaza=1&temple=0&walls=0&shantytown=0&gates=-1
